title,category
"[930날씨] 당분간 평년 초여름 날씨…오늘, 동쪽 곳곳 소나기",Culture
"고유가 덕에 獨3사 제친 테슬라… 모델Y·3, 1·2위 ‘질주’[자동차]",Culture
"170cm·53kg 성해은, 몸매 비결은 혈당 안정?… “운동 후엔 꼭 ‘이 조합’” 뭐야?",Culture
[날씨] 오늘 흐리고 한낮 초여름...동쪽 곳곳 한때 소나기,Culture
초전도모터 품은 '도요타 수소엔진차' 24시간 레이스 완주…세계 최초,Culture
한 세기 전 벽화 속 토끼의 '빨간 눈'에서 읽어낸 것,Culture
‘이 음료’ 즐겨 마신 여성들 신장 기능 떨어져…콩팥 건강 망치는 습관은?,Culture
"인슐린 쓴 당뇨 환자, 치매 위험 높았다… 왜?[밀당365]",Culture
"발냄새 심한 양말, ‘뒤집어서 vs 그대로’...맞는 세탁법 따로 있다",Culture
"日 여권 수수료 반값 인하…들썩이는 韓 여행업계, 왜?",Culture
"20대 女 “‘이 약’ 먹고 성기능 장애, 감각 사라져”…남 일 아닌 이유 [라이프+]",Culture
한국인 가장 많이 입원한 질병은 백내장…알츠하이머 치매에는 1조9312억 원 소요,Culture
[날씨] 전국 흐리고 낮 더위 주춤…동쪽 소나기,Culture
치아가 나빠지면 고기보다 먼저 사람을 피하게 된다,Culture
허수경 시인 떠난 지 8년…생일 맞아 마지막 유고시집 출간,Culture
"“불치병은 옛말… 백혈병, 이젠 ‘무치료 관해’ 시대”",Culture
"[기고] 단백질 섭취, ‘양’보다 어떤 ‘형태’로 먹느냐가 중요하다",Culture
"""이유 없는 만성 피로, 내 몸속 생명수 '진액'이 마른 탓""",Culture
노년 치매 1조9000억원…입원 원인 1위는 백내장,Culture
[출근길 날씨] 당분간 초여름 날씨…흐리고 동쪽 소나기,Culture
"""올해 일 낸다"" 연초부터 심상치 않더니 5개월 만에 325만명 찾은 국립중앙박물관",Culture
히말라야 첫 걸음은 늑대바위 공략부터 [강의실에서 히말라야로 ④],Culture
“터지기 전엔 모른다”…30~40대도 안심 못하는 ‘이 병’,Culture
"VIP, Very Important Person, Very Important Patient",Culture
[날씨] 전국 구름 많고 동쪽엔 소나기...당분간 이맘때 초여름,Culture
[날씨] 당분간 예년 초여름 날씨…동쪽 곳곳 소나기,Culture
“나쁜 콜레스테롤 줄었다”…전문가들이 매일 먹으라고 말한 ‘이 음식’ [헬시타임],Culture
전국 흐리고 곳곳 산발적 비…오후 일부 지역 소나기 [오늘 날씨],Culture
사람에게 물려 귓바퀴 떨어져 나간 20대 男…성공적으로 재건한 모습 보니?,Culture
빵 부풀리고 면발 쫄깃하게 하는 건 밀가루 반죽 속 글루텐,Culture
“환자 1명당 사례비 30만원”…불법 판치는 혈액투석,Culture
“마음이 긴장하면 몸은 생식을 후순위로 미룬다”,Culture
심혈관질환과 거리두기...커피 2잔에 과일 디저트,Culture
[출근길 YTN 날씨 6/8] 오늘 구름 많고 이맘때 초여름...동쪽 곳곳 소나기,Culture
전국 흐리고 곳곳에 비 …돌풍·천둥·번개 동반 주의(종합),Culture
[출근길 날씨] 흐리고 더위 주춤…동쪽 소나기,Culture
"""160엔 뚫리기 전에 간다""…일본행 티켓 잡는 한국인 70% 폭증",Culture
낮에 너무 졸리면 단순 피로 아니다?…의사에게 꼭 물어야 할 7가지,Culture
젠슨 황이 입에 댄 건 다 잘 팔린다…HBM칩 과자 매출 766% 폭증,Culture
[날씨클릭] 당분간 더위 주춤…오후 동쪽 곳곳 소나기,Culture
"유통기한 지난 부침가루, 커피믹스…버리기 전 재활용하는 방법",Culture
통증 없어도 혈뇨 나오면 상부요로암 검사 필요,Culture
스마트폰 놓지 않는 2030 눈 ‘노인성 안질환’ 시달린다 [건강+],Culture
"“얼굴, 몸에 열꽃이?” 이채영, 갑자기 피부 ‘확’ 뒤집어진 이유는?",Culture
20세 ‘유튜버’의 화려한 할리우드 데뷔···시작은 온라인 괴담 사진이었다,Culture
[날씨] 당분간 이맘때 초여름 날씨…오늘 흐리고 동쪽 소나기,Culture
[오늘 날씨] 전국 흐리고 곳곳 소나기…천둥·번개 주의,Culture
"""문화강국을 꿈꾼 지도자, 이미 200년 전 조선에 있었다""",Culture
"“회전근개 부분 파열, 콜라겐 주입술로 힘줄 재생까지 기대” [Health&]",Culture
"‘베타아밀로이드’ 축적 막는 은행잎, 어지럼증·간헐성 파행증에도 도움",Culture
고령화로 망막 질환 환자 급증…치료제 시장 경쟁도 치열 [health&],Culture
"시원찮은 소변, 노화 탓 아니다…50대男 절반 겪는 병 [Health&]",Culture
"[Health&] 고혈압·이상지질혈증 동반 환자, 국산 복합제로 치료 효과 높여",Culture
6월인데 선선하네?…더위 주춤 내륙 소나기,Culture
폐지 줍던 엄마 건물주로…가난 공포 ‘부동산’으로 지운 서인국·지디·조권,Culture
"“많이 안 먹는데 왜 안 빠지지?”…4050 뱃살, 첫 젓가락부터 바꿔야",Culture
[대중문화 만화경] 언제까지 우르르 몰려다니는 좀비처럼 살 것인가,Culture
"기록적 폭염에 훼손되는 수메르문명 유적, 홍수 위기에 빠진 베네치아",Culture
20년간 한국전 참전용사 7700여명 초청… “기억-보답하는 게 당연”,Culture
"“비틀스, 매니지먼트 문제로 의견 갈려 결별”",Culture
“복지 넘어 홀로 남겨진 이들에 가족 같은 교회 세워갈 것”,Culture
“주인 아닌 친구로 왔다” 화성 ‘바란’의 나그네 된 선교사,Culture
[오늘의 설교] 인공지능 시대 성도의 처신,Culture
"“설탕 퍼먹는 꼴” 아침에 흔히 먹는 음식, 당장 끊어라",Culture
"[빅데이터가 점지한 오늘의 운세] 2026년 6월 8일 월요일(음력 4월 23일, 계축일)",Culture
"“암 부른다” 대장 보는 의사들, 만장일치로 경고한 음식은?",Culture
국립발레단장 내정설에 단원들 ‘반발’… 최 장관 “루머”,Culture
[단독]“제네시스 ‘고성능-내구성’ 증명… BMW-페라리와 어깨 나란히”,Culture
"“칼로리·혈당지수 낮은 재료” 엄정화도 먹는 면 요리, 뭘까?",Culture
지구상 가장 고급스러운 SUV… 12기통 ‘롤스로이스 컬리넌’ 타보니,Culture
[강양구의 블랙박스] 어느 집단에나 40%는 상황에 따라 이기적 또는 이타적,Culture
"“32kg 감량” 40대 男, 간식으로 먹은 음식 봤더니?",Culture
탄수화물은 다이어트의 적? “‘이렇게’ 먹으면 오히려 좋아”,Culture
“장·혈관 깨끗해진다” 매일 먹으라는 ‘의외의 음식’,Culture
"96세 노병의 확신 “발전한 대한민국 보며 우리의 희생, 가치 있었다”",Culture
치맥·냉면 먹고 호두과자 선물받고…'젠슨 황 효과'에 웃는 외식업계,Culture
[우리시대의 영화㊳밀양] 용서조차 구원받지 못한…비밀의 햇볕 ‘밀양’,Culture
“체력 안 좋아졌네” 계단 오르는데 ‘헉헉’…생존율 50% ‘이 병’이었다,Culture
가정연합 “파라과이 마약 의혹 이미 무혐의 종결…시사저널 보도 사실 왜곡”,Culture
고물가에 허리 휘는데 불티나게 팔리는 명품...백화점만 웃는 3가지 이유,Culture
[날씨] 전국 흐리고 곳곳 비…서울 낮 최고 27도,Culture
스페인 찾은 교황 “양극화 부채질 멈춰라”,Culture
“잠들기 전 딱 15분만”…불 끄고 스마트폰만 봤을 뿐인데 눈 망가지고 있다 [헬시타임],Culture
"조수빈 아나운서 “‘소도’된 선관위, 해체 아닌 분쇄돼야”",Culture
백발이 된 주인과 함께…48년 만에 고향 찾은 ‘그 시절 최고급 세단’,Culture
[날씨] 내일 한낮 25도 안팎 '더위 주춤'…동쪽 소나기,Culture
“하루 종일 커피 마셔도 피곤해” 가볍게 넘겼는데 ‘암’이었다… 잘 때 땀에 흠뻑 젖는 증상도,Culture
독일 거주 남편 투병에 사망 신고 못해…허수경 시인 유고시집 8년 만에 나왔다,Culture
"“시험 앞두고 눈코귀에서 피가 줄줄”…11세 소년, 피 흘리는 이유는?",Culture
30년 '암 전문의'도 매일 아침 먹는다…'이 음식' 뭐길래 [건강!톡],Culture
"[날씨]밤사이 전국 비, 내일 오전 그쳐…예년 기온 계속",Culture
“단 거 그렇게 참았는데 뱃살은 그대로네?”…식단 전문가 꼽은 ‘이 습관’ 꼭 지켜야 [헬시타임],Culture
[날씨] 월요일 평년 기온 밑돌아... 강원·남부 내일 오전까지 비,Culture
"무릎 아프면, 러닝 잘못하고 있다는 신호… ‘전문가 추천 3단계 훈련법’",Culture
[날씨] 내일 흐리고 동쪽 소나기…더위 누그러져,Culture
"박보영, 투표용지 사태 ‘댓글 테러’에 “타격 없다”",Culture
“거장이 돈에 넘어갔다” 마틴 스코세이지 AI기업행에 할리우드 시끌,Culture
물 충분히 마시고 발 건강 챙기세요 [9988 프로젝트],Culture
전 세계 덮친 에볼라 공포… 한국도 방역망 풀가동,Culture
서 있기만 해도 뇌가 꽉 찼다…전화 받다 넘어지는 이유,Culture
"“몸매 필요없어” 안선영, 나이 들수록 ‘이것’ 관리 당부…뭘까?",Culture
"‘빨간 립스틱’문신 27세女...입술 거무튀튀 변해 낭패감, 그 까닭은?",Culture
"자주 접질리는 발목, 이미 만성화 단계… 대처법은?",Culture
"초간편 여름 밥도둑 반찬, 이만한 게 없습니다",Culture
"""오늘 '야푸'는 BBQ치킨"" 젠슨 황, 시구전 야구장에 113마리 주문",Culture
[전문의칼럼] 불면증이 질병 부른다,Culture
"‘치킨에 진심’ 젠슨황, 야구장서도 113마리 주문…BBQ·깐부치킨 또 먹는다",Culture
[5시 날씨] 내일 오전까지 곳곳 비…예년 초여름 기온,Culture
"급조된 방구석 뉴스룸, 온 가족의 마음을 이어주다",Culture
"“어, 혈관에 기름 찌꺼기”… 고지혈증, 고혈압 다 있는데 거리에서 흡연까지?",Culture
"""평상이 건물로 들어왔다""…자연을 보고 쉼을 얻는 카페 [커피와 공간 '끽(喫)']",Culture
[날씨] 더위 주춤 하지만 곳곳 비…해안가 너울 주의,Culture
비행기 통째로 빌렸다…당신을 위한 꿈의 세계일주,Culture
세종시 빌딩에 웬 딸기농장 … 일년내내 편히 드세요,Culture
"더운데 회는 먹고 싶을 때, ‘곁들이면 좋은 식품’은?",Culture
국립발레단 새 단장 놓고 내홍… 단원들 반발에 문체부장관 “헛소문”,Culture
"박보영, “투표용지 부족엔 아무말도 없냐” 불똥에 “타격 별로 없어”",Culture
“목에 뭔가 걸리는 느낌인데” 그냥 넘겼다간 ‘큰일’…암일 수도 있다는데 [헬시타임],Culture
"젠슨 황, 정의선 회장과 냉면 회동…8일 현대차 양재사옥 방문",Culture
"""폐렴구균 백신 '21가' 접종 권고…당뇨환자·흡연자도 맞아야""",Culture
"치매 직전 뇌, 이 금속 없었다…“물 잘 마셔라” 뜻밖 예방법",Culture
"국립발레단, “낙하산 인사 반대” 입장문에…문체부 장관 “허황된 루머”",Culture
'삼쏘'에 치킨·칼국수·삼계탕까지…젠슨 황의 'K-푸드 로드',Culture
"""대만족"" 최은경, '이 수술'하니 피곤해 보인단 말 안 들어… 전후 사진 보니?",Culture
"기차 타고 파크골프도 치고…맛집, 관광 명소 탐방까지",Culture
"틱톡카 나오나 했더니…바이트댄스, 중국 전기차 협업설 부인",Culture
美 참전용사 “고맙다 소리 들을 때 마다 가슴 벅차”,Culture
한국전 참전 90대 미군 노병의 눈물…“싸울 가치 있었다”,Culture
"젠슨 황-정의선, 우래옥서 평양냉면 회동…8일 현대차 방문",Culture
"“죽은 사람은 누구의 것인가”…AI시대, 인간이 마주한 상실의 여정",Culture
사망신고도 못 한 채 8년···허수경 유고시집이 세상에 나온 이유,Culture
[날씨] 남부·중부 곳곳 비…주 중반까지 낮 더위 주춤,Culture
중년 부부가 상추쌈에 후식으로 사과 먹었더니…몸에 어떤 변화가?,Culture
아이스크림 먹다 머리 ‘띵’…설마 병은 아니겠지?[건강팩트체크],Culture
남은 수명 좌우하는 ‘다리 힘’…내 하체 근력 점수는?,Culture
생블루베리는 왜 100g씩 팔까?… 한 팩에 담긴 ‘권장 섭취량’ [FOOD+],Culture
[자막뉴스] 500mm 폭우 쏟아진 일본...올여름 한반도 예고편?,Culture
"서울시, 기후동행카드 30일권 월 3만원 환급…10일부터 접수",Culture
“마약한 줄 오해” 치아 다 뽑고 틀니 한 22세女…영양소 결핍 탓이라고?,Culture
"메뉴판에 ‘이 경고’ 붙였더니…단 음식 주문 줄었다, 왜?",Culture
"[단독] ‘와, 손기정!’ 사인 받는 독일인들…‘KOREAN 1936’ 또 썼을까",Culture
국립발레단 “낙하산 단장 반대” 입장문… 문체부 장관 “뜬소문”,Culture
암이 걱정돼 고기 끊었다면…다시 봐야 할 육류의 진실 [박민선의 건강톡톡],Culture
“퇴근 후 씻으려고 그릇 담가뒀는데”…식중독균 키우는 뜻밖의 주방 습관,Culture
"“사후세계 있다”는 서울의대 교수, 방광암 걸리자 한 일",Culture
[날씨] 전국 흐리고 곳곳 비…당분간 예년 초여름 날씨,Culture
“희생 결코 잊지 않겠다” “우리 도움 이렇게 오래 기억해주는 나라 없다”...韓美 노병들 한 마음 된 보은의 밤,Culture
[12시 날씨] 휴일 비 소식…예년 초여름 기온,Culture
"강남, “양말 신다가 아파서 병원으로”… 수술까지 받은 사연은?",Culture
“조개 캐다 갇혔다”…갯벌에 발 빠졌다면 ‘이렇게’ 빼야 [알쓸톡],Culture
한여름에도 부족해지기 쉬운 영양소…달걀보다 ‘비타민D’가 많은 식품 6가지,Culture
"'대동강 편지' 부르던 청년, 호남서 진보당 광역의원 되다",Culture
"“황형, 정말 한식 좋아하시네요”…삼겹살·치맥 이어 삼계탕 맛집 찾은 젠슨 황",Culture
"""커피가 얼마나 잔인한 음료인 줄 아나?"" 유학생 각성시킨 미국 교수 [커피로 맛보는 역사, 역사로 배우는 커피]",Culture
하루 세 끼만 꼬박꼬박 먹고 살 수 있나...중년의 현명한 간식 섭취법,Culture
"손 흔들면 ‘출렁’… 한가인 “팔뚝살 ‘이렇게’ 빼세요”, 효과 최고?",Culture
"국립발레단원, 이례적 '일동 입장문'… 예술계는 왜 인사에 민감해졌나",Culture
더우면 칼로리 소모 줄어든다… 여름 다이어트 팁 5,Culture
“의사가 하지 말라는 이유 있다”… 모발이식 권위자가 본 후회하는 사람들의 공통점 [의사소통],Culture
“하루 종일 틀어야 하나? 전기요금은 얼마?”···장마철 제습기 200% 활용법,Culture
국립발레단장에 李캠프 출신?…문체부 장관 “사실무근”,Culture
젊다고 심장병 안심 못해...심장 건강 지키려면 어떻게?,Culture
“비만약 맞았는데 생리를 안 해요” 소문 무성했는데…연구진 “진짜 부작용 맞아” [헬시타임],Culture
정체불명 ‘웅웅’ 소리의 비밀…연구진 “저주파 이명 가능성 높다”,Culture
"[프리즘] ""여름이 무서워요""…더위에 쓰러지는 노인·노동자",Culture
“회사도 학교도 잘 다니는데 공허해요”…‘고기능 우울증’ 뭐길래,Culture
‘5선’ 오세훈 시장…논쟁의 ‘한강버스·세운지구 재개발’ 사업 향방은,Culture
"""잠실 시위, 아이유가 왜 거기서 나와""…SNS 찾아가 커피 지원 요구 논란",Culture
겨울보다 무서운 여름 심장병… 폭염 속 심근경색 주의보 [건강+],Culture
국립발레단 '낙하산' 단장 인선 논란…최휘영 장관 “허황된 뜬 소문”,Culture
"도요타 ""수소엔진 개발, 협업으로 속도…현대차와 기술 공유 가능""",Culture
“콜레스테롤 폭발” 피해야 하는 아침 식사 메뉴는?,Culture
[돈+Cars] 그랜저 샀더니 스마트폰이 따라왔다…국민세단의 브레인 진화,Culture
“갑자기 불꽃 튀어”…‘멀티탭’에도 유통기한 있다,Culture
고양이 털을 깎으려는 사람들에게 [임보 일기],Culture
“젠승 황도 삼겹살에 소맥”…다음날 멀쩡하려면 ‘이렇게’ 마셔라?,Culture
[신간] 불안은 어디서 오는가…'돈 때문에 불안하다는 착각',Culture
“삼겹살 반값이네”…돼지 앞다리살에 양배추·양파 ‘맛성비 삼총사’,Culture
"[헬스토크] 심근경색 환자, 겨울보다 여름에 많아…탈수·냉방 탓",Culture
"“삼계탕 저리 가라네”…닭가슴살로 닭곰탕 ‘단백질 듬뿍, 이게 보양식’",Culture
“주인 아닌 친구로 왔다” 화성 ‘바란’의 나그네 된 선교사,Culture
긁어도 낫지 않는 가려움…피부 아닌 몸속 질환의 신호일 수도,Culture
“더워도 너무 덥네” 에어컨 빵빵 틀었다간…‘이 병’ 발생 위험↑ [헬시타임],Culture
중국은 2조 쏟아붓는데...'몇백억 쓰는 것도 힘들다' K테마파크 돌파구는,Culture
"""시원하다, 시원해"" 감탄…금값 뛰더니 20대 '최애템' 됐다",Culture
"[7시 날씨] 휴일, 전국 흐리고 비…평년 수준 기온",Culture
"관광객 많이 찾는 단종 유배지, 천하 대명당으로 보긴 어려워",Culture
"“어쩐지 발바닥이 너무 아프더라”…고유가 시대, 뜻밖의 경고[일터 일침]",Culture
“보약 같다” 선우용여가 추천한 ‘기력 회복 음식’은?,Culture
왜 그 사람의 답변은 오래 기억될까 [새로 나온 책],Culture
라 스칼라 자존심이 택한 정명훈…그를 둘러싼 정치·예술의 광시곡,Culture
"""한국 롤러코스터 재밌네"" 잘나가던 K테마파크...발길 줄어든 이유",Culture
항암제 내성 전이암 치료 길 열리나…암세포 골라 공격하는 신물질 발견,Culture
"[날씨] 휴일, 이맘때 초여름 날씨...흐리고 곳곳 비",Culture
"""車 담당 기자라고? 그럼 이차 타봐야지"" BMW M340i[시승기]",Culture
"‘비폭력’ 뒤에 숨은 소름돋는 치밀함…위협적인 전략가, 마틴 루서 킹 [Book]",Culture
"한국 여름 더위에도 '가죽 재킷' 젠슨황…""전투복·브랜드 구축""",Culture
"""친구들과 ‘이것’ 한입 먹고""…물도 못 삼키더니 전신 마비된 24세女, 무슨 일?",Culture
밥 먹고 ‘이것’ 먹었다간 혈당 쭉 오른다… 의사 경고 음식은?,Culture
우회전 보행자 교통사고...딱 이것만 잘 지켜도 사고 안난다,Culture
"[날씨] 일본 강타한 '장미'...6월 초부터 강력 태풍, 올여름 예고편?",Culture
“그냥 변비인 줄 알았죠”…대장암 진단 전 가장 ‘흔한 착각’,Culture
“눈 뜨자마자 아메리카노?”…첫 잔 ‘90분’ 늦춰야 하는 이유,Culture
"""주사 대신 알약"" 비만약 대격변…먹는 위고비 vs 파운다요 전격 비교[의사결정]",Culture
‘8kg 감량’ 박지윤… “먹으면 확실히 살찐다” 꼽은 음식은?,Culture
"“엄마, 이렇게 좀 해봐”…‘무릎관절염’ 쉬기만 하면 독",Culture
“매일 먹어도 좋아” 혈당 급등 막는 아침식사법,Culture
"최휘영 장관, 국립발레단장 내정설에 “허황된 뜬소문”…‘가짜뉴스’에 직접 등판",Culture
"‘11kg 감량’ 안선영, 아침에 챙겨 먹는 음식 봤더니?",Culture
“노화 늦춘다” 82세 여배우 실천하는 매일 아침 루틴은?,Culture
"국립발레단장 '李 사람 내정설' 술렁…최휘영 ""후보 명단에 없었다""",Culture
뱃살 방치했다가 당뇨에 심장병까지…내장지방 없애는 가장 빠른 방법 따로 있었다 [헬시타임],Culture
"""몸에 좋은 달걀 먹을 때 꼭 같이 드세요""⋯노년 눈·근육·기억력 지키는 '이 음식'",Culture
"“부장님, 저 내일 쉬겠습니다”…맨날 일만 하는 줄 알았던 한국 직장인들 ‘반전’",Culture
국립발레단장 인선 논란에 최휘영 장관 “허황된 뜬 소문”…내정설 일축,Culture
"""하루 5분이면 충분""...치매 전문의들이 권하는 뇌 살리는 습관",Culture
“락스 원액 그대로 쓴다고?”…오해하기 쉬운 락스 사용법 5가지,Culture
"“잠 잘 오고, 피로 풀려” 문가영, 자기 전 하는 루틴은?",Culture
"[뉴스9 날씨] 내일, 흐리고 점차 비…낮 기온 오늘보다 낮아",Culture
"48kg 임지연, 뼈말라 수영복 자태…아침마다 ‘이 음식’ 먹는다고?",Culture
[날씨] 내일 중부·남부 비…전국 하늘 '흐림',Culture
"단순 가려움증인 줄 알았는데…암이었다, 이게 무슨 일? [Health&]",Culture
내가 '오후 4시'에 저녁 식사하는 이유 [박창희의 비만 Exit],Culture
"1인당 26억씩 받는다…로또 1등 당첨 11명, 판매 명당은",Culture
"[날씨] 전국 흐리고 곳곳 비‥공기 질 청정, 오존 '보통'",Culture
"“음식 냄새가 전부 역하게 느껴졌다”…5년간 ‘이 증상’ 겪은 女, 무슨 사연?",Culture
"“상탈 위해 바나나도 끊었다”…허남준의 카니보어 식단, 괜찮을까 [바디플랜]",Culture
바나나만으론 부족하다…심장 건강 지키는 ‘칼륨’ 섭취법,Culture
강수진 후임 국립발레단장 인선 논란에…문체부 장관 “삼인성호” 고사성어 꺼냈다,Culture
[날씨] 내일 전국 흐리고 남부 비…예년 초여름 날씨,Culture
[날씨] 휴일 흐리고 예년의 초여름 날씨,Culture
[날씨] 휴일 초여름 날씨…내일 남부·제주 비,Culture
"“우리도 스벅 선결제 해줘” 잠실 시위대, 아이유 SNS 몰려가 요구",Culture
"비키니 입으려다 병원행?…""이러다 몸 망친다"" 경고 [건강!톡]",Culture
타르처럼 끈적한 ‘흑변’ 본 50대男...숨차고 어지럽고 배 아픈 이유는?,Culture
콜라·햄·라면 입에 달고 살면…치매 위험 최대 58% 증가[노화설계],Culture
강수진 후임 국립발레단장 논란에…최휘영 “삼인성호”라 답한 까닭,Culture
"문체부장관, 국립발레단 단원 입장문에 “허황된 뜬소문”",Culture
"국립발레단장 인선 논란에 문체부 장관 ""허황된 뜬소문""",Culture
“술·담배도 했는데”…요양원 안 가는 90대들의 공통점 3가지,Culture
"""주사기 구합니다""… 전쟁 여파에 신부전 반려동물 비상 [반려동물]",Culture
역사상 이런 군인들은 없었다... 나라를 지킨 무명용사들 [호준석의 역사전쟁],Culture
“국립발레단은 명예직 아니다” 단원들 첫 집단성명…최휘영 “내정설 사실무근”,Culture
"요즘 아이들이 책을 안 읽는다는 말, 다시 생각했다",Culture
"국립발레단 단장 인선 논란에…최휘영 장관 ""허황된 뜬소문""",Culture
"최휘영 장관 ""국립발레단장 인선 사실무근…백주대낮에 웬 호랑이 해프닝""",Culture
"[날씨] 현충일, 초여름 더위 기승...내일은 흐리고 남부 곳곳 비",Culture
"“고령 남성, 에어컨 ‘빵빵’ 피하세요”…땀 흘린 뒤 ‘이것’ 주의",Culture
마운자로 맞고도 못 뺐다…‘이긴자로’들의 뱃살 비밀 [Health&],Culture
"귀찮아도 챙겨 먹어, 초간단 ‘애호박&새송이 비빔밥’[주말&]",Culture
시야가 흐릿하면 의심해야 하는 ‘이 증상’…3040도 예외 아니다,Culture
"""지금 비행기표 사면 손해?""…여름휴가 앞두고 벌어진 일 [트래블톡]",Culture
"“할머니 같네” 악플에…기은세, ‘이곳’ 시술 후 시커먼 멍",Culture
"살 빼고 싶다면, ‘포만감 못 느끼는’ 식사법 고치세요",Culture
"“왜 자살하면 안 돼요?” 예일대 의사, 뜻밖의 답 꺼냈다",Culture
"서동주, 김규리 자택 강도범에 피해… ""도시가스 검침원 사칭해 침입""",Culture
“수석 전시장이 따로 없다”…등산 고수도 감탄한 '기암 절경' 월출산,Culture
97세 6.25 참전용사 아버지의 '마지막 소원',Culture
"“나이 들면 혈당 더 높아져”… 근육 감소 막는 달걀, 두부 꼭 먹는 사람은?",Culture
‘모자무싸’에 나온 ‘난감’…그 말이 더 난감하다 [.txt],Culture
노화 막는 블루베리… ‘효능 높이는 보관법’ 있다,Culture
"""역사 왜곡 '대군부인' 폐기하라""…현실적으로 가능한 얘기? [김소연의 엔터비즈]",Culture
“하루 종일 잠만 자고 싶다”…몸이 보내는 ‘이 신호’일 수도?,Culture
"“난, 죽어도 운동 싫어”...이런 사람, 딱히 나무랄 수 없는 이유 있다?",Culture
"더워서 몸 후끈해질 때, 찬 음료 대신 먹으면 좋은 것",Culture
일본서 늦고 청나라 눈치 보고…고종이 받은 첫 유럽 명품,Culture
"젠슨 황, 이번엔 BBQ서 '치맥'…황금올리브 먹었다",Culture
‘1984 동마 챔피언’ 이홍열 “모르고 막 달리면 ‘독’ 됩니다”[양종구의 100세 시대 건강법],Culture
“일주일 만에 제작비 14배 매출”…20세 감독 데뷔작 ‘백룸’ 인기 이유,Culture
“고기 충분히 먹고 있는데”… 몸이 보내는 단백질 부족 신호 10가지,Culture
국립발레단장에 李 사람? 단원들이 들고 일어났다,Culture
“지친 입맛 살리는 ‘꿀맛’ 레시피”…국산 아까시꿀 별미 요리 3종,Culture
"'면도, 기분전환'... 이발소 팻말 '기분전환'의 황당한 정체",Culture
가정연합 “파라과이 마약 의혹 이미 무혐의 종결…시사저널 보도 사실 왜곡”,Culture
엇! 갑자기 불어난 뱃살...중년 여성을 위한 특별한 살빼기 전략,Culture
추신수 안 먹는다는 채소 봤더니… “의외네”,Culture
사과 껍질이 끈적끈적한 이유…농약? 왁스? 먹어도 될까,Culture
"간판은 '피부과'인데…""아토피 진료 안 합니다"" 퇴짜",Culture
"“한국인들 아침에 달걀은 잘 챙기면서, ‘이것’ 유독 안 먹더라” [헬시타임]",Culture
여름철 뇌졸중 많은 이유가 “혈전” 때문...자주 움직이고 ‘이런 음식’ 먹으면 예방에 도움,Culture
"""올 때 사다줘"" 했던 그 아이스크림의 반전…미국서만 300억 넘게 팔렸다",Culture
"[영상] 제복 입고 들어선 어르신, ‘폴짝폴짝’ 환영한 국밥집",Culture
갑자기 바퀴벌레 생겼다면…택배 받은 뒤 쌓아둔 ‘이것’ 때문일 수도,Culture
티스푼으로 파낸 오이 속에 빨간 파프리카 콕콕…예쁘고 상큼하네[절로미식회],Culture
주말 산행 나섰다 ‘삐끗’…초보 등산객 무릎·발목 주의보,Culture
"'트럼프 관세의 역설'…도요타, 캠리 美서 만들어 日 역수입",Culture
"유퀴즈부터 시구까지…젠슨 황, 바쁜 방한 일정 이어간다",Culture
"“32kg 감량하고, 혈당 정상화” 美서 다시 뜨는 다이어트 방법은?",Culture
"현대차·기아, ‘토요타 안방’ 일본 다시 뚫는다…전기차·PBV로 재도전",Culture
"유산소와 웨이트, 선택 말고 번갈아 하라는 까닭[수피의 헬스 가이드]",Culture
“청소했는데 왜 또!”…여름철 벌레 안 생기는 집 만드는 법,Culture
"'이 동물' 내장 먹은 베트남 50대 男, 급성 패혈성 쇼크로 입원… 무슨 일?",Culture
"통풍 환자, 맥주만 끊으면 끝? ‘의외로 위험한 음식’ 3가지",Culture
커피는 뇌보다 장을 먼저 깨운다?… 매일 마시는 커피가 내 기분까지 바꾸는 이유는,Culture
"인도에서 온 ‘서울 덕후’, K-할머니를 만나다[오마주]",Culture
"""군체 보는 팁"" SNS 수두룩…호러보다 무서운 '15세 뚫기'에 극장 비상",Culture
혼자 사는 여성의 집수리 고민…“여성 수리기사가 해결해드려요”,Culture
폭염에 심장도 지친다…여름이 더 무서운 심근경색[콕!건강],Culture
"[momo톡] ""에어컨 켰더니 쉰내가""…장마철 전 해야 할 자동차 관리",Culture
“아직도 그걸 먹어? 당장 버려라”…‘한 입’만 먹어도 암 위험 쑥 오른다는데 [헬시타임],Culture
"“남자 키 175㎝, 존재감 없어”…‘1억 3000만원’ 사지연장술로 8㎝ 늘린 美변호사",Culture
혈당 다이어트에 좋은 땅콩버터,Culture
"“물 4ℓ 마시다 토할 뻔” 대장내시경 장청소 공포, 이젠 옛말[안경진의 약이야기]",Culture
수상자만 온다는 칸 폐막식…타란티노는 왜 '기생충' 잔치판서 들러리가 됐나,Culture
"코로나가 지나간 자리, 갑상선이 흔들렸다 [안철우 교수의 호르몬 백과사전]",Culture
[imazine] '신(神)들의 휴양지' 크로아티아 ② 스플리트,Culture
“아이 업고 산으로 튀어”…체력짱 엄마들 추천 ‘30대 명산’은?,Culture
"""중국도 2조 쏟아붓는데""…불편하고 먼 K테마파크, 갈 이유가 없다",Culture
[날씨] 고온 꺾이지만 곳곳 '기습 소나기'...해안가 너울 '비상',Culture
"""롤러코스터는 있는데 세계관은 없다""…韓 테마파크가 밀린 이유",Culture
“‘이런’ 약은 자몽과 먹지 마세요”… 두통 구토에 실신 위험도 있다고?,Culture
"61세 백지연, 평소 ‘이 음식’ 안 먹어…젊어 보이는 비결이었나",Culture
"""지하주차장까지 같이 가실?""…'군체'에 무릎 꿇은 쪼렙[쪼중만의 공포체험]",Culture
[한동하의 본초여담] 상한병을 치료할 때는 증상이 아닌 맥(脈)을 따라야 한다,Culture
"""44kg 살 빼도 이러면 다시 찐다""…요요 막는 비법은?",Culture
상반기 기술수출 13조…K-바이오에 쏠린 빅파마,Culture
"""한때 세계 10위였는데""…이제 '20위권'으로 밀린 韓 테마파크",Culture
"[김종훈의 Aging in Place]""여보! 부모님 댁에 낙상백신 놓아드려야겠어요""",Culture
달에 원자로 짓는 미·중·러…에너지패권 각축전[기후로운 경제생활],Culture
"“주스 한 잔이 문제였다?”…30세 이상 1400만명, 아침 혈당 흔드는 습관",Culture
"“얼렸으니 괜찮다?”…오래된 냉동고기, 해동 순간 ‘식중독 위험’ 커진다",Culture
“남들이 뭐라든 이 길을 가는 수밖에”… 최고 권위 ‘희곡상’으로 극작가 차범석,Culture
“의사가 추천” 강수지 꼭 먹는다는 영양제는?,Culture
"""5초만 만져도 큰일""...'이것' 바르고 영수증 만지면 안되는 이유 [헬스톡]",Culture
"망종(芒種), 세종대왕도 귀히 여긴 시간",Culture
"""시야 흐리고 빛 번진다면""…앤 해서웨이도 겪은 '이 질환' [김효경의 데일리 헬스]",Culture
"하루 2억원 벌던 전성기 사라진 자리, 편승엽이 5남매를 키워낸 방식",Culture
"배 나오고 예민해진 남편에게, ‘과일’ 챙겨 주세요",Culture
[세상은 하나님의 일터] “서비스 내역 투명하게 공개하는 게 고객 사랑의 방법”,Culture
"“아침 공복에 꼭 먹어라” 다이어트 중인 서인영, 선택한 음식은?",Culture
"""국민연금 30% 손해봐도 지금 탈래요""…조기수령자 100만명 시대",Culture
“췌장 살린다”… 약사들 꼽은 ‘최고의 과일’은?,Culture
"“아차, 오늘이었어?”… 반복되면 건망증 아닐 수도[베스트 닥터의 베스트 건강법]",Culture
전설을 품은… 그러나 그보다 더 그윽하고 친근한 바위들[여행스케치],Culture
"MZ도 홀렸다, MJ 매직",Culture
[책의 향기]인간 노동이 사라질까? 로봇은 아니라 말한다,Culture
[책의 향기]“저는 꿈을 꿉니다”… 마틴 루서 킹은 체스판에 올랐다,Culture
“궤양 생길라” 당뇨병 환자 알아둬야 할 ‘발톱 깎는 법’,Culture
“살이 저절로 빠진다”… 한의사가 ‘혈당 안정에 최고’ 강조한 5가지,Culture
"노인은 부족, 청년은 과신…단백질 열풍의 역설",Culture
빅테크 억만장자들이 그리는 미래와 그 허상,Culture
튀르키예 ‘붕대 투혼’ 토백이의 집강아지 견생2막 [개st하우스],Culture
“잠결에 성적 행위 반복”… 아내 손에 끌려 병원 간 남성,Culture
"""40대부터 뱃살 확 찐다""⋯20대 몸매 되찾고 싶다면 '이 음식' 꼭 먹어야",Culture
"[라인W 날씨] 현충일, 초여름 날씨 이어져…강한 자외선",Culture
"[날씨] 현충일 한낮 초여름 더위, 자외선 강해…큰 일교차",Culture
살 뺀다고 닭가슴살만 드세요? 돼지고기 ‘이 부위’ 다이어트에 좋다는데,Culture
머리만 대면 잠든다? 전문가 경고한 뜻밖의 건강 문제,Culture
유기농이 무조건 좋다고? 유기농으로 꼭 사지 않아도 되는 식품도 있다 [라이프],Culture
[날씨] 현충일 한낮 초여름 더위…큰 일교차 유의,Culture
"부동산 불평등, 기독교인 인식은?…""문제는 맞는데 교회는 침묵""",Culture
컵에서 물 비린내 나는 이유…설거지할 때 ‘이 습관’ 바꾸면 냄새 안 난다고?,Culture
샤워기로 입 헹구는 사람 보세요… “아주 위험한 행동”,Culture
“2년마다 대장 용종 7개 뗐는데 확 줄어”…55세 미나 살린 ‘아침 식단’ [라이프+],Culture
[날씨] 주말 맑고 초여름 날씨…일요일 경북 비 조금,Culture
"""1박 100만원"" BTS도 저격한 '부산 바가지'…절·교회 ""우린 무료""",Culture
"""패륜적이고 폭력적"" 이승환, 만화가 윤서인 고소 예고",Culture
"“나이 들어서 아니다” 몸에서 ‘이 냄새’ 나면 파킨슨 전조증상, 의사 경고",Culture
"초고령사회, 교회의 존재 이유를 다시 묻는다",Culture
[주말 날씨] 하늘 맑고 더운 날씨 이어져···강한 자외선 조심하세요,Culture
"""음식 삼키면 심장 멈춰""…식사 때마다 실신하는 女, 전 세계 150건도 안 되는 병이라고?",Culture
"아이폰 ‘비’ 갤럭시 ‘맑음’…‘같은 곳, 다른 예보’ 기상청은 억울하다?",Culture
“심장병 위험 20% 낮춘다” 매일 먹어도 좋은 ‘흔한 음식’,Culture
대하소설 '금강' 쓴 한만수 작가 별세,Culture
"[뉴스7 날씨] 주말, 초여름 더위 계속…자외선 강해",Culture
"""양말 신다가 디스크 터졌다""…강남, 촬영 중단 사태",Culture
‘잇치’가 ‘이치’ 될 뻔한 사연 [우리 약史],Culture
"아침 공복에 즉석 식품 자주 먹었더니…혈당 스파이크, 체중에 변화가?",Culture
"""이게 한국 술이라고?"" 에드워드 리와 K-위스키가 만나다",Culture
40년 저금리 특수 종언…돈의 질서가 바뀐다[북스&],Culture
“미국서 뜨자 한국이 알아봤다”…K브랜드 성장 공식 바뀌었다,Culture
'망한 아이돌'에서 대기업 직장인으로…실패 이후의 이력서,Culture
유방암 치료한 50대女...1년 후 또 혈액암 진단받은 불행의 씨앗은?,Culture
“특정 칩에 묶이지 말 것”… 모빌리티 공급망 ‘디커플링’ 혁명,Culture
폐암 발병 5년 전 예측한다…혈액 단백질 표지자 확인,Culture
“그냥 버리기엔 아깝잖아” 반찬으로 재탄생한 수박 껍질?,Culture
[퇴근길 날씨] 내일 대체로 맑고 초여름 더위…자외선 강해,Culture
"[책마을] ""차별의 시선도, 동정의 시선도 없이…사람은 오직 사람으로만 대했으면…""",Culture
[책마을] 40년 저금리 시대 끝…무엇이 돈의 질서를 바꾸나,Culture
[책을 읽읍시다] 이승만 그는 누구인가,Culture
"피부과 전문의 추천, 보습제 바른 뒤 ‘이것’만 해도 피부 좋아진다는데…뭘까?",Culture
학폭 가해자에 ‘사이다 액션’…원작 논란 넷플릭스 ‘참교육’ 공개,Culture
빚더미 깔린 청년…'구조적 재난'이 된 부채,Culture
"프랑스가 간직해온 고종의 선물, 140년만에 韓서 다시 피어나다",Culture
영생 연구·화성 정복 작전…과학의 탈을 쓴 권력전쟁,Culture
부모가 받는 극한 스트레스 … 자녀의 유전자까지 뒤튼다,Culture
케네디까지 이용한 킹 … 그는 치밀한 전략가였다,Culture
고레에다 ‘상자 속의 양’ 챗GPT와 써보니 “첨엔 내 각본 칭찬하더니…”,Culture
"망고·수박이 최악?…전자담배, 과일향이 암 위험 더 높았다",Culture
요즘 스트레스 많으시죠? 복통·소화불량 조심하세요,Culture
'오십견'인 줄 알았는데... 60대의 자가진단이 부른 비극,Culture
"상추 한 봉지에 담긴 정성, '금추'가 따로 없습니다",Culture
'251조 자산가' 젠슨황이 선택한 의전 차량은? [젠슨황 2차 깐부회동],Culture
"""염증 방치했다간 암·치매·당뇨""⋯음식에 '이 가루' 살짝 뿌리면 싹 가라앉아",Culture
매시브 어택이 커버한 서태지 ‘시대유감’ 화제…펜타포트 공연서 부를까,Culture
기술은 모방돼도 권리는 남는다…자율주행 시장의 마지막 승부,Culture
"교과서 속 장마 개념 바뀐다…기상학회 “장마 정의 확장, 오호츠크해 고기압 배제”",Culture
"임신성 당뇨, ‘2형 당뇨병’의 신호일 수도",Culture
"'블랙리스트 전공의' 면허 취소에…의협 ""과잉처벌·직업적 자유 침해"" 반발",Culture
"“양말 신다가 극심 통증”…강남, 허리디스크 터졌다",Culture
근육 위해 먹지만… 단백질 보충제로는 한계 있어,Culture
"""콩물만 마셨는데 3kg 감량?"" 이소라, 직접 만든 '콩 스무디', 뭐 들었길래?",Culture
"아우디, 최고속도 350km 슈퍼카 '누볼라리' 공개…499대 한정",Culture
커피 마신 후 물에 흘려버린 ‘이것’… 싱크대 배관 꽉 막힌다고?,Culture
[날씨] 내일 현충일도 예년 초여름 날씨...일교차·너울 조심,Culture
“탄수화물 먹었더니 더 젊어져” 반전 결과…4주 만에 노화 되돌리는 식단,Culture
흐린 날엔 안 발라도 된다?…피부과 의사들이 답답해하는 선크림 상식,Culture
100세까지 건강하게 살고 싶다면?…장수 전문가들이 꼽은 7가지 아침 습관,Culture
"연세의료원 노조, 임금 8.1% 인상 요구… 작년 대비 눈높이 껑충",Culture
"""사용자 80% 급증"" GM의 '이 기술'…국내서도 통한 슈퍼크루즈",Culture
"'효도 유세' 끝낸 강릉시장 당선인 가수 아들…""본업으로 돌아가 증명할 것""",Culture
"최강 몽골군도 줄행랑, 인제 한계산성 개방 초읽기[함영훈의 멋·맛·쉼]",Culture
"""'이곳' 마사지하면 즉효""… 잇지 리아, 직접 밝힌 '직각 어깨' 만드는 법은?",Culture
"""버스 안에서 지릴 뻔""⋯기절까지 부르는 '급똥', 참는 법 따로 있다 [헬스+]",Culture
‘1001마력’ 아우디 누볼라리 공개…“제로백 2.6초 하이브리드 슈퍼카”,Culture
"파산 신청자에게 돌을 던져라, 車사고 내고 보험처리 안 할 사람만",Culture
논문 1편에 1700만원[김우재의 플라이룸 ](79),Culture
섬진강과 동진강을 가르는 고개에 서린 역사,Culture
[날씨] 오늘 맑고 초여름 날씨…주말 큰 더위 없어,Culture
"아우디, 첫 하이브리드 슈퍼카 '누볼라리' 공개…499대 한정 판매",Culture
"[단독] 고환율 못 버틴 BMW, 5시리즈 등 가격 인상… 520i는 130만원 올라",Culture
"""늑구 만나러 왔어요""…재개장 오월드 '북적'",Culture
[빵 굽는 타자기] 모두가 자신이 무가치해질까봐 싸우고 있다,Culture
"“염증 심해진다” 관절염 있는 사람, 섭취 줄여야 하는 음식은?",Culture
소변에 피 섞여 나오다 옆구리나 배가 아프면 병원 꼭 가세요,Culture
"""삼성전자 1000주 넘게 샀는데 완전 망해…몇 억 날렸다"" 고백한 여배우",Culture
병원마다 달랐던 도수치료 가격…7월부터 4만원대로 표준화,Culture
"정의선 회장, 젠슨 황 '삼소 회동' 불참…8일 양재사옥에서 만날 듯",Culture
[신간] 잠들기 직전 짧은 시간의 중요성…'밤의 설계자',Culture
“끝났어?” 한마디에 싸늘…전문가가 꼽은 침대 위 최악의 금기어 [라이프+],Culture
"한숨만 나오던 스타벅스 카드, '전액 환불 신청' 해보니...",Culture
항암제 내성 보이는 전이암··· 정상세포 보존하면서 암세포만 사멸시키는 신물질 발견,Culture
"아우디 첫 고성능 하이브리드 '누볼라리'…""499대 한정""",Culture
"“몸이 약했는데 가장 건강해”…93세 동창 모임에서 생긴 일, 이들이 지목한 사람은 누구?",Culture
"아우디, 역대 최강 수퍼카 ‘누볼라리’ 공개… 전 세계 499대 한정 생산",Culture
"가스 차고 배 아픈 사람, 전문가 추천 ‘6가지 음식’ 먹어봐요",Culture
일회용 컵이 아닌 ‘사람’의 기록···비닐하우스 속 ‘속행’들의 이야기[책과 삶],Culture
"‘축구 신동’ 아틀라스, 메시로부터 영감…“1년치 훈련을 하루 만에”",Culture
"[의학칼럼] 손가락 골절 치료, 1mm 차이도 기능 장애 부른다",Culture
“아침마다 먹었는데…” 혈당 올리고 있던 음식의 정체,Culture
"""뱃속에 다 마약봉지?""… 40대 男 들킬까 숨켰다가 응급개복술, 무슨 일?",Culture
"과자 즐겨 먹는 아이, 불안·산만함 더 심하다",Culture
"[창간 80년,격동 80년] 주민등록증도 예비군도… 시작은 '김신조 사건'",Culture
"비 오고 흐린 날, 장마철에도 자외선차단제 바르세요",Culture
또 난이도 조절 실패…6월 모평 영어 '논란',Culture
아직도 OECD 2위··· 한국이 결핵에서 벗어나려면 [건강 돋보기],Culture
4시간 오솔길에 숨겨진 박해의 역사… 한티가는 길 순례 [두나의 두발 산책],Culture
“매일 영양제 챙겨 먹으면 뭐 하나”…젊은 암 환자 급증에 의사들이 콕 집은 ‘이 습관’ [헬시타임],Culture
[날씨] 맑고 파란 초여름 하늘...한낮 강한 자외선·오존,Culture
[날씨] 당분간 초여름 날씨…한낮 강한 자외선 주의,Culture
항암제 내성에 치료 포기?…‘전이암 환자’ 새 희망 열린다,Culture
영업이익 71% 급증도 놀라운데…유니클로 부활에 롯데쇼핑 ‘배당 잭팟’ 기대,Culture
[날씨] 고온 꺾이고 계절 제자리...소나기·너울 조심,Culture
"광희, ‘종이 인형’에서 몰라보게 달라진 근황… 어떻게 한 거야?",Culture
[뉴스12 날씨] 하늘 점차 맑아져…한낮 서울 27도,Culture
칼슘 아연 흡수 방해하는 ‘이 성분’⋯장 건강엔 좋다고?,Culture
‘4살 고시·7살 고시’?…10대에 대가 치른다 [.txt],Culture
"日 내구레이스 '꽃' 오늘 개막…도요타, 초전도모터 수소차 첫 공개",Culture
“朝·淸 학자들과의 교감이 추사 예술의 근원”,Culture
[서울&] 청년·서민 껴안는 ‘역세권 임대주택’,Culture
운수 좋은 날 [헤럴드 단편 : 오늘에 대한 우리 이야기],Culture
“1주새 2배 늘었다”…우리 아이 괴롭히는 ‘수족구병’ 주의보,Culture
"""라면보다 쉽쥬?""…백종원, '요리비책' 들고 돌아왔다",Culture
"궁녀들의 삶이 궁금하다면, 이 산에 올라보세요",Culture
"백종원, 활동중단 1년만에 유튜브로 복귀…‘요리비책’ 소개",Culture
“요요 올까봐 살 안 뺀다”는 건 핑계… 내장지방 한 번 빼두면 효과 지속,Culture
“많이 써도 안되고 적게 써도 안됩니다”…이보다 더 중요할 수 없는 ‘손’,Culture
교과서 장마는 잊어라…기상학계 '오호츠크 고기압' 배제 장마 재정의,Culture
"'연 324%' 불법 사금융업자…대법원 ""초과이자 반환해도 전액 추징""",Culture
"셀트리온, 2700억원 규모 주식 취득 추진…""주주가치 제고""",Culture
"[날씨] 당분간 낮 더위 주춤, 서울 27도…자외선은 강해",Culture
"손흥민도 놀란 실력… 현대차, ‘라보나 킥’ 성공한 휴머노이드 로봇 기술공개",Culture
영화 흥행에 원작소설 전성시대…‘스크린셀러’ 돌풍,Culture
메뉴판에 ‘당분 경고’ 붙였더니…설탕 섭취 확 줄었다,Culture
"지커 7X, 오늘부터 본격 사전 예약… 5299만원부터",Culture
"환율 1540원 돌파, 17년 만의 최고치…올여름 해외여행 체감 비용 급등 ‘비상’ [여행+]",Culture
"‘이 두 가지’ 날씨에...편두통, 기승 부린다?",Culture
트와이스 나연도 먹는다는 과자… 잘 고르면 다이어트에 도움,Culture
"술의 나이[한성우 교수의 맛의 말, 말의 맛]",Culture
"‘무결점 거장’ 제임스 에네스 “작곡가보다 내가 낫다는 오만, 가장 위험하다” [인터뷰]",Culture
[날씨] 고온 꺾이고 계절 제자리...소나기·너울 조심,Culture
"“애둘맘 맞아?” 황정음 몸매 비결, 뭔지 봤더니?",Culture
“드디어 해외서 100억개 팔았다”…삼성·현대차 못지않게 한국 알린 기업,Culture
"""기술이 너희를 자유롭게 하리라 "" 실리콘밸리 신화 해부, 신간 <…착각>",Culture
1~4월 中 전기차 성장 둔화…테슬라·폭스바겐·현대차 판매 견조,Culture
항암제 내성 전이암 치료하는 신물질 발견… “암세포만 공격”,Culture
"""아틀라스, 손흥민 슛폼도 배웠니?""…축구선수 뺨치는 특훈 공개",Culture
'1000억 클럽' 부민병원… 관절 전문병원 양극화 뚜렷,Culture
"“몸매보다 중요” 안선영, 머리숱 지키려 실천하는 것은?",Culture
"현대차그룹, 글로벌 전기차 '톱10' 중 성장률 1위",Culture
서·남해 파고 0.5m ‘낚시 호기’…제주·동해는 최대 2.5m 너울 주의보 [주말 바다 날씨],Culture
백신 맞아봐야 무용지물?… “트럼프 행정부가 틀렸다” 왜?,Culture
위고비·마운자로 열풍에 우루사·인바디도 웃는다,Culture
살 빼려고 쫄쫄 굶을 수는 없고...‘이런 음식’ 먹으면 체지방 줄어,Culture
[약손+] 보존하고 완치한다···여성 건강의 적 ‘유방암’ ⑯꽉 끼는 속옷은 유방 건강을 해친다?,Culture
“팔·다리에 이게 뭐야”…아프지도 가렵지도 않은 ‘닭살’ 정체는,Culture
"신작 <딸기 이론> 김숨 ""사람은 사람으로 봐야죠, 이주 노동자도 그렇죠""",Culture
[930날씨] 주말까지 평년 수준 초여름 날씨…자외선 강해,Culture
'항암제 내성' 전이암 치료길 열렸다…'암세포만 사멸' 신물질 발견,Culture
"""핸드크림 바른 손으로 '이것' 만지면 큰일""…의사 경고한 이유",Culture
작가 50명 정리·직원 20% 감축…페이스가 던진 미술시장의 경고,Culture
AI가 만든다는 ‘허황된 미래’… 정말 인류를 구할 수 있을까[북리뷰],Culture
"“휴먼, 라보나킥 못 찹니까?”…현대차, 축구 배운 ‘아틀라스’ 슈팅 공개",Culture
영끌족 주목… 저금리 시대 끝낼 ‘8가지 변수’가 온다[북리뷰],Culture
초고령 사회 진입한 한국… 이제 ‘좋은죽음’ 생각해야[정신과 의사의 서재],Culture
"""어디 가서 푹 쉬고 싶어"" 남편의 한마디에 떠난 곳",Culture
"인공지능 ‘인프라 경쟁’ 제국주의 팽창 닮은 꼴… AI 미래, 우리 선택은?[홍성욱의 과학기술과 사회]",Culture
"“양말 신다 통증, 촬영 중단 사태”…병원 수술실 들어간 강남, 무슨일이",Culture
펜끝 모은 美거장 36인… 고립된 인간을 잇는 이야기 등불 밝히다[북리뷰],Culture
9년 전 암수술 받았던 고려인3세 찾아 러시아 왕진,Culture
[날씨] 당분간 더위 주춤…자외선 지수는 '매우 높음',Culture
[날씨] 맑고 예년의 초여름 날씨...오전까지 강원 약한 비,Culture
"50대는 50㎞, 60대는 60㎞로 간다는데...나이 들수록 시간이 빨리 가는 이유",Culture
"<11> 신라 김유신, 기도 가운데 통일을 받다 [신화에서 선민까지 한민족 정체성의 문화사적 발견-기고]",Culture
당뇨 있어도 맛있게 먹자! 비트 넣어 만든 ‘보르쉬 라면’[밀당365],Culture
"1950년 6월 26일 오륙도 승전보, 한국전쟁 운명 바꿨다",Culture
'싯다르타' 3위 약진…'팀나빠'·'내면 근력' 상위권 진입[베스트셀러],Culture
"[이 책 어때]방으로 숨고, 빚으로 무너진 청년들",Culture
[이 주의 책]돈 때문에 불안하다는 착각 外,Culture
"폐암환자 '年1.5억 부담' 리브라반트, 건보 적용 첫 관문 통과",Culture
“서울 사는데 다지증 수술 하러 대구에 왔네요!”,Culture
“친구인 줄 알았는데”…내 실패 바라는 사람의 5가지 신호 [라이프+],Culture
[이주의 베스트셀러] 다시 자기계발서 활기?,Culture
골프 장갑은 답답하고 손에 땀나는 건 싫을 때… 로션을 발라라?,Culture
"""간편해서 자주 먹었는데""…전문가 경고한 '치매 위험' 음식",Culture
[날씨] 오전까지 강원 비…당분간 30도 더위 주춤,Culture
[베스트셀러] '싯다르타' 3위…만화·자기 계발도 강세,Culture
"[출근길 날씨] 주말, 초여름 날씨…큰 더위 없어",Culture
"""드세던 희빈 장씨도 내 품에서 쉬고 있지요"" [느린 등산 봉산(서울둘레길 16코스)]",Culture
성스런 촛불 아래 화가는 돈을 셌다 [화폭역정 14],Culture
전문의 자격증 따자마자 몽골 향했다…20년간 오지 누빈 ‘야전 의사’,Culture
[날씨] 오늘 맑고 초여름 날씨...주말도 심한 고온 주춤,Culture
비구름 지난 뒤 아침 공기 선선…심한 더위 없어,Culture
"한 번 찍어 맛보더니 ""이걸 한국인만 먹었어?""…세계인 입맛 사로잡은 K소스",Culture
[날씨] 오전까지 강원 비 조금…당분간 더위 주춤,Culture
수출 날개 단 ‘리쥬란’으로 최대 실적 이끈다[바이오리더스클럽],Culture
"""차 에어컨 퀴퀴한 악취""…원인은 곰팡이, 예방과 해결책은",Culture
"“사랑니 아파서 치과 갔다가”…’이 암’ 진단 받은 19세, 무슨 증상 겪었나",Culture
"지역의료 살릴 구원투수? 개원 사흘 앞둔 국립소방병원, 의사 채용 난항",Culture
“쌀알보다 작은데 영양소는 더 많아”… 혈당 낮추는 데 좋은 ‘곡물’은?,Culture
피레네산맥 정상에 십자가 사라졌다,Culture
"'낮 최고 31도'·전국 곳곳 약한 비…일교차 큰 날, 두통이 심하다면? [오늘 날씨]",Culture
“커피랑 절대 같이 먹지 말라”…영양사가 경고한 ‘최악의 조합’ 뭐길래 [헬시타임],Culture
악플에도 아빠 유세 돕던 아이돌…父강릉시장 당선에 '활짝',Culture
"[출근길 YTN 날씨 6/6] 선선한 출근길...오늘 하늘 맑아져, 초여름 날씨",Culture
첫 재야 변호사 출신 대법관이 펴낸 묵직한 기록 [기자의 추천 책],Culture
"“그렇구나, 알아두겠다” 남태령을 메운 연대의 공기",Culture
[출근길 날씨] 주말까지 초여름 날씨…큰 더위 없어,Culture
우울감에서 벗어나고픈 사람이 매일 마시면 좋은 음료,Culture
[날씨클릭] 오전까지 강원도 약한 비…당분간 더위 주춤,Culture
아마존 넘어 코스트코·올리브영까지…제약사 화장품 美 공략 가속,Culture
"“수박에 랩 씌웠다가 후회”…여름 과일, 신선하게 오래 먹는 법은?",Culture
"""출렁다리 수백억 쓸 바엔""…지방소멸 막는 '5000만원의 기적'",Culture
[유석재의 돌발史전 2.0] “1946년 이승만의 정읍선언은... 통일 민주공화국 세우겠다는 선언”,Culture
인간이 AI보다 잘하는 딱 한가지···사람의 마지막 직업 ‘연결노동’[책과 삶],Culture
한강버스로 서울국제정원박람회 간다…'서울숲 선착장' 8일 오픈,Culture
"밤에 안 보이는 ‘스텔스차’ 없앤다···어두워지면 차량 전조등 자동으로 켜지게, 9월부터 모든 차량 장착",Culture
"[단독] 무더기 납품지연 논란에…정부, 철도차량 입찰방식 손질한다",Culture
이민정·아이유도 고백했던 ‘이 질환’…“젊은女 암 발병 증가와 관련”,Culture
젠슨황 손에 들릴 소맥잔엔?...테슬라·카스처럼 물밑 전쟁,Culture
"‘33kg 감량’ 김다예, “식후 한 잔”… 혈당 조절 효과 내는 음식은?",Culture
"""갑자기 피눈물 '뚝뚝' 흘린 11세 소년""...극심한 스트레스가 부른 초희귀질환 [헬스톡]",Culture
"“비만 주사 맞고 속쓰림 심해졌다”는 사람 많은데, 대체 왜?",Culture
커피·의류·음악·축제까지…일상 공간에 스며든 극우 생태계 [.txt],Culture
까마귀가 없는 세상은 깜깜할 거야 [.txt],Culture
"로봇이 인간 노동 해방? 그건 기대감, 신화일 뿐",Culture
청년을 파산으로 모는 사회…다시 일어설 기회를 [.txt],Culture
“무자비하고 아득한 대한민국 우물”…자학도 출구가 된다 [.txt],Culture
공영방송 장악에 맞선 4년의 투쟁 [.txt],Culture
비명처럼 들려오는 문장들…‘가자’의 고통을 번역하다 [.txt],Culture
임기 시작하자마자 韓 대통령 백악관 초청… 위기에도 유머 로널드 레이건,Culture
병원체에 감염된 세포도 반격한다…새 면역 경로 발견,Culture
“대장암 후 막걸리 데워먹어” 재벌이 찾는 82세 이발사 식단,Culture
“뇌 좋아져라” 아이 먹였다가…수은 중독 부른 고등어 종류,Culture
'신을 닮은 영웅' 자처한 아무루족 왕 사르곤… 도시국가 경쟁시대 개막,Culture
퇴사하려다 '이 책' 읽고 20년 근속해 버렸다 [김민철 작가의 서재],Culture
제로 콜라 마시는 사람이 알아둬야 할 ‘부작용 5가지’,Culture
"""접지 통해 통증·염증 절반 이상 줄어"" 과학이 답했다 [Weekend 헬스]",Culture
얼룩·찌든 때…세제 ‘많이 넣을수록’ 빨래 깨끗해질까?,Culture
[오늘의 설교] 퇴로를 차단한 ‘올인’의 신앙,Culture
“그곳엔 백신이 하나도 없었다”…방글라데시서 600명 넘게 숨지게 만든 ‘이 전염병’,Culture
[가정예배 365-6월 5일] 이 지팡이를 손에 잡으라,Culture
평생 공부·나눔… 거장 원고 정리하며 배운 인생 교훈,Culture
신학으로 과학 포용하는 유신진화론 뜨거운 쟁점,Culture
"“혈당 확 오르더라”… 김신영, 요요 주범으로 꼽은 음식은?",Culture
"쓸모만 좇는 세상, 목적에 대한 저항",Culture
"[빅데이터가 점지한 오늘의 운세] 2026년 6월 5일 금요일(음력 4월 20일, 경술일)",Culture
[오늘 뭐 먹지] 없으면 아쉽다… 밥상 위 신스틸러,Culture
“유류할증료? 아예 없습니다”…비싼 비행기 대신 예약 350% 급증한 ‘이 여행’,Culture
"땀 줄줄 흘리며 운동했는데, 체중은 그대로인 이유",Culture
[날씨] 비 그친 뒤 바람 '선선'…큰 더위 주춤,Culture
‘영크크’ 모르면 당신은 ‘늙크크’… 최신 유행어 된 코르티스 노래,Culture
中 BYD “자율주행차 사고 100% 보상” 파격 승부수,Culture
에버랜드보다 입장료 비싸다…산골정원의 비밀,Culture
[라인W 날씨] 내일 오전까지 중부·호남 비 조금…오후엔 맑아져,Culture
‘맥주에는 치킨’ 이유 있었다… 술이 ‘이 호르몬’ 건드린 탓,Culture
[팀 알퍼의 런던 Eye] [39] 영국인은 왜 감자에 열광하나,Culture
"[박은식의 호남통신] 민주당 호남 독점, ‘파란 나라’의 실상",Culture
[날씨] 밤 곳곳 요란한 소나기…오전까지 중부ㆍ호남 약한 비,Culture
매일 한 입만 먹어도 암 키운다?…‘이것’ 30g에 위암 위험 9% 껑충,Culture
[날씨] 밤 전국 곳곳 소나기…오전까지 중부ㆍ호남 빗줄기,Culture
"‘아이 더 낳고 싶은’ 사람과 ‘계획보다 많이 낳은’ 사람 중, 누가 더 불행할까?",Culture
"항암 전 금식, 난소암 치료 효과 높였다",Culture
[날씨] 출근길 중부·호남 비 조금…내일 점차 맑아져,Culture
[뉴스9 날씨] 밤사이 강한 소나기 주의…내일 오전까지 중부·호남 비,Culture
"중년들의 몸에 특히 좋은 ‘오디’…혈당, 염증, 콜레스테롤에 어떤 변화가?",Culture
이번에도 빗나간 지상파·JTBC 출구조사,Culture
"합수본 신천지 이만희 교주 첫 피의자 조사…전피연 ""구속수사하라""",Culture
“구강암 신호” 입에서 생소한 ‘이 맛’ 나면 의심하라던데?,Culture
"영업중단에서 ‘폐점’으로…홈플러스 37개 점포, 직원 3500명 앞날은",Culture
[날씨] '시간당 30mm' 강한 소나기…천둥번개·우박 주의,Culture
[날씨] 밤까지 대부분 지역 소나기…내일 아침 중부·호남 약한 비,Culture
"젠슨 황, 내일 오후 1시 김포공항 도착…'입국 소감' 밝힌다",Culture
[이슈날씨] 밤까지 내륙 곳곳 강한 소나기...돌풍·벼락·우박 주의,Culture
"“세상에서 운동 제일 싫다”던 황정음, ‘이것’ 시작…52kg 목표라고?",Culture
[날씨] 오늘 밤까지 요란한 소나기‥내일 오전부터 차차 맑아져,Culture
“영수증 5초 만져도 흡수”…핸드크림 바른 손 더 위험한 이유,Culture
광해군에겐 ‘말 전하는 남자’가 있었다[책과 삶],Culture
"허벅지 앞쪽이 터질 듯 아프다? 페달, 밟지 말고 돌려라",Culture
"젠슨 황, 6일 유재석 만난다...'유퀴즈' 녹화 다음날 두산전 시구",Culture
“이유 없이 전신 가렵더니”…美 60대 여성 ‘이곳’에서 종양 발견,Culture
[날씨]내일 아침까지 중부 5mm 비…때 이른 더위 주춤,Culture
수십억원 쏟았는데…또 엇나간 지상파 출구조사,Culture
"나르시시스트 부모 둔 사람, 어떻게 자랄까?",Culture
드레스 안 입어도 '인기 폭발'…요즘 뜨는 '500만원 결혼식' [발굴단],Culture
[날씨] 밤까지 내륙 곳곳 강한 소나기...돌풍·벼락·우박 주의,Culture
"소비기한 지난 상한 우유, 버리기 전 ‘이렇게’ 활용할 수 있다고?",Culture
문턱 높은 美 대신… 대륙 문 두드리는 K바이오,Culture
"6월엔 ‘검은 보석’ 오디를 가까이… 눈·혈관 건강, 항산화 관리 두루 도움[한의사 曰 건강꿀팁]",Culture
아이스크림 먹다 머리가 띵~ ‘편두통’ 경고 신호?,Culture
미래차 타고 달리는 K-소프트웨어… 글로벌 표준 가시화,Culture
“하루 딱 13분 투자를” 심장병 사망 막는 ‘운동’의 정체,Culture
"술·담배 안하고 건장한 40대男...2주간 발열·호흡곤란 응급실행, 왜?",Culture
"오스코텍, 美 아지오스에 세비도플레닙 기술 이전",Culture
"“키스 전 말해야 하나”…입술 포진, 연인 사이 갈리는 평생 감염병 [건강을 부탁해]",Culture
12기통 엔진 대체하는 전동화의 정점… 베일 벗은 롤스로이스 ‘신형 스펙터’,Culture
‘부르는 게 값’ 도수치료 대신 4만원 정가제…연간 15회로 제한,Culture
"등산 초보, ‘하산길’ 무릎·발목 부상 조심하세요",Culture
[날씨] 내일 중부·호남 5㎜ 비…더위는 점차 누그러져,Culture
"김정수 삼양식품 회장, 자녀에 주식 20만주 증여…장남 지분율 2.87%",Culture
자기부담금 95%내야 도수치료 받는다…회당 4만원·연간 15회 '제한',Culture
"환자 두고 떠난 마취의·집도의… 사고 나자, 병원은 뒤늦게 인력 보강",Culture
“췌장이 보내는 마지막 경고” 무시하면 암 위험 높아진다는 신호는?,Culture
사명대사 우국의 혼 오늘날 표충비 땀으로 흘렀더라…경남 밀양시 표충비·만어사 탐방,Culture
"임성근 ""우린 발레파킹 안 해""…안성재 '모수' 논란 의식?",Culture
54만 은둔 청년의 소리 없는 비명…우리는 왜 그들을 방 속에 방치했나,Culture
건강에 좋은 1분 습관...이중 몇 가지 실천하고 있나요?,Culture
"40년 저금리 시대 종말…‘비싼 돈’의 세상은 어떤 곳일까, 신간 <머니 쇼크>",Culture
"스크린·무대서 유세장으로…문화예술인들, 강원 선거판 달궜다",Culture
BYD “자율주행 사고나면 전액 보상”…테슬라에 도전장,Culture
“다이어트 하려면 끊어야” 체지방 연소 방해하는 음식의 정체는?,Culture
"박정수, “S전자 8만 원대에 1000주 넘게 샀다”…매도 후회",Culture
"국토부, '스텔스 자동차' 막는다…""자동점등 의무화""",Culture
홈플러스 37곳 결국 폐점한다는데…선거 끝났으니 ‘새벽배송’ 족쇄 풀릴까,Culture
사과도 안 통했다…스타벅스 논란 2주만에 결제액 107억 증발(종합),Culture
칩 종속 벗어난 자율주행…완성차가 주목한 '이식성',Culture
소나기 이후 찬 공기…다음 주 초까지 더위 '주춤',Culture
“나초 먹고 배탈 난 줄” 차에서 쌍둥이 출산한 美 여성,Culture
“얼룩덜룩 팔 때문에 반팔 못 입어” 무턱대고 크림 바르면 안된다?,Culture
천 년의 울림부터 초심지 가위까지…신라 역사 품은 문화유산,Culture
"김성환 ""지역별 전기요금 곧 공개…산업용 전기료 하향 필요""",Culture
"""에어프라이어 그냥 돌렸더니 발암물질 '철철'""⋯안전하게 먹는 쉬운 방법은?",Culture
수출 호조에 역대급 매출까지…잘나가는 K뷰티에 기대감 커지네,Culture
“여름에 꼭 먹어라” 김강우가 추천한 ‘저칼로리 음식’은?,Culture
“한 잔은 몸에 좋대” 이 말 다 틀렸다…의사들의 ‘섬뜩한 경고’ 들어보니 [헬시타임],Culture
"파리로 날아간 현대모비스 노조…OECD 측에 ""램프사업 매각반대""",Culture
"불금의 여유, 책도 좋지만 꼭 책이 아니어도…무려 800만명 다녀갔다",Culture
"계단은 '무조건 올라야' 좋은 운동인 줄 알았는데···전문가 ""그러다 무릎 망가진다""",Culture
"차악을 선택한 영웅, 약소국의 총독이 제국의 칼이 된 이유 [한ZOOM]",Culture
"치과 의사 덕분에 ‘급성 백혈병’ 찾아낸 20대 女, 사연은?",Culture
"""지하철서 방귀 뀌는 사람 때문에 죽을 맛""⋯나도 모르게 새어 나오는 이유는? [헬스+]",Culture
단 것이 땡긴다면…당신은 ‘이 영양소’ 부족한 것,Culture
"“희망퇴직금도 못 받나요?”…결국 문닫는 홈플러스, 3500여명 ‘고용 불안’",Culture
美만 바라보던 시대 끝났다...中 적극 두드리는 K바이오,Culture
"‘6kg 감량’ 문연주, 몸 오히려 무거워졌다는데… 왜?",Culture
빵틀·세숫대야에 남은 40년…소록도 두 간호사의 기록,Culture
"두 배 차이나는 비싼 우유, 영양가 높을까?",Culture
[날씨] 전국 요란한 소나기…때 이른 고온현상 주춤,Culture
"‘여성살롱’ 그 목소리, 임국희 아나운서 별세…심야 여성 DJ 시초",Culture
"""반도체만큼 예민""…삼성바이오 쟁의행위금지 항고심 D-1 쟁점 체크",Culture
"유병재 제작사, 올라운더 6개월 인턴 뽑으면서…정규직 전환은 '0명'?",Culture
"합천으로 떠난 '반값여행', 왈칵 눈물 나게 만든 순간",Culture
"“단백질이 70%” 풀무치, 국내 열 번째 식용 곤충 등재",Culture
"“하루 13분이면 충분하다”… 사망 위험 줄이는 운동, 어떻게 할까?",Culture
콜레스테롤 높은 쪽은 어디?…버터 VS 마가린,Culture
유신진화론이 뭐길래… ‘이단’ 결의 이후 남은 질문,Culture
"[박동창의 맨발걷기學] <32>척추수술 후 접지요법, 소칼 교수가 던지는 시사점",Culture
‘女 라디오스타의 시초’ 임국희 아나운서 별세…향년 88세,Culture
간질약의 반전…관절염 연골 손상 회복 효과 확인[노화설계],Culture
“물만 갈아주면 오래 간다?”…의외로 흔한 두부 보관 실수 5가지,Culture
"콩 파종 후 시작된 눈치 싸움, 새들의 지혜를 엿보다",Culture
"심장 보는 의사, “자녀에게 안 먹인다”는 음식은?",Culture
"“강한 냉방 위험하다”… 생명 위협하는 ‘이 질환’, 여름에 조심해야?",Culture
[2시 뉴스 날씨] 밤까지 전국 곳곳 소나기…낮더위 주춤,Culture
"“다이어트 중 최악” 스윙스, 30kg 감량 중에도 못 참은 음식은?",Culture
"“단백질 많아 아침에 좋아” 선우용여, 매일 먹는다며 추천한 음식은?",Culture
일찍 다가온 더위··· 겨울보다 더 많은 여름 ‘심근경색’ 주의,Culture
"홈플러스, 37개 점포 결국 폐점…희망퇴직 시행",Culture
쓴맛 나지만 혈당 조절엔 탁월… 무슨 채소일까?,Culture
암 잡는 CAR-T치료로 신장 이식 거부 반응도 잡았다,Culture
"""전자담배 규제 심할수록 흡연 사망자 많아질 것"" 호주 의사의 경고, 왜",Culture
금요일 새벽까지 전국 곳곳 천둥·우박 소나기…다음주 중순까지 선선,Culture
“입에서 왜 배설물 냄새가?” 치과의사들이 지목한 진짜 원인,Culture
토마토가 레모네이드에?…미국 SNS 달군 ‘토마토 레모네이드’ 정체는,Culture
"허남준, ‘고기만’ 먹으며 다이어트 중… 효과 살펴보니?",Culture
"왕실 나온 메건, 40만원 캔들 판매 욕먹는 이유…내로남불 과거 발언",Culture
테슬라·BYD 전기차 공세… 국산차 안방 방어 '흔들',Culture
'천동·번개' 일부 호우주의보…일주일 '선선',Culture
[날씨] 전국 곳곳에 소나기…돌풍·벼락·우박 주의,Culture
"동래봉생병원, 미래관 오픈으로 36년 만의 새 출발",Culture
"“햇빛 안 보고 3년 지냈다”…16세男, 발작 후 고관절 부러져, 왜?",Culture
"시부모 간병 어쩌나…중년 며느리 vs 시누이-남편, 선택은?",Culture
오늘 저녁까지 전국서 소나기…비 그친 뒤 '선선',Culture
"400만 돌파 '군체' 연상호 ""속편 아닌 게임 구상중...10대 주인공""[인터뷰]",Culture
퇴근길 '비상'…천둥·번개 동반 강한 비 온다,Culture
[날씨] 곳곳에 소나기…낮 되면 대부분 '뚝',Culture
수입차 3대 중 1대는 테슬라…중국산 전기차 존재감 커져,Culture
[뉴스12 날씨] 전국 곳곳 소나기…한낮 30도 안팎,Culture
"지방 많이 들었는데, 혈압을 낮춰준다? 무슨 음식인지 보니",Culture
"돌풍·우박 강한 소나기…다음 주도 더위 주춤, 소낙성 비",Culture
“저당 소스면 마음껏 먹어도 된다?”…살 덜 찌는 원칙 3가지,Culture
내일 새벽까지 전국 곳곳 비소식…다음주 중순까지 비교적 선선,Culture
군산이 주말 여행지로 딱 좋은 이유,Culture
“주식하다 망했다” 박정수 투자 실패…“삼전 8만원에 샀다 500만원 남겨”,Culture
"사유리, 버스·지하철 타야 살 빠진다는데… 효과 있나?",Culture
"스타벅스, 닉네임 변경 제한 무기한 연장…혐오표현 등 논란 차단",Culture
"""잘 키운 딸 시집갔다""…오스코텍, 세비도플레닙을 떠나보낸 이유",Culture
퇴근길 최대 80mm '소나기'...돌풍·천둥·번개 동반 [충북·세종 날씨],Culture
"“삼성전자, 몇억 벌 수 있었는데”…박정수, 주식 투자 실패담 고백",Culture
"일본차 밀리고 중국차 뜨고…BYD, 수입차 시장 4위 '껑충'",Culture
"벨기에, 넘쳐나는 감자 때문에 골머리… 무슨 일?",Culture
사과도 통하지 않았다…스타벅스 논란 2주만에 결제액 107억 감소,Culture
"‘푸바오 동생’ 쌍둥이 판다, 3살 맞아 ‘중국행’ 준비…“시기 협의 중”",Culture
대장암 항암제 내성 원인 규명…약효 되살릴 돌파구 열려,Culture
“점심에 먹으면 혈당 튄다”… 내과 의사가 경고한 음식은?,Culture
"서울대병원 ""신장이식 거부반응, 혈액검사로 예측한다""",Culture
"""밭 일구고 배로 호수 건넌"" 50년의 세월을 듣다",Culture
뉴욕 왕복 유류비만 60만원대…폭등한 유류할증료에 여름휴가 해외여행 ‘비상’ [여행+],Culture
존 트래볼타 “LA 한인타운 자주 가… 진짜 한국 보고 싶다”,Culture
수입차 10대 중 3대가 테슬라… 5월에도 국내 판매 1위,Culture
"현대차·기아, 5월 미국 판매 17만4860대…친환경차 역대 최다",Culture
‘심야 여성 DJ의 시초’ 임국희씨 별세···향년 88세,Culture
"[질병백과 TV] 척추 수술 미루면 안 되는 이유, ‘이 경고’ 무시하지 마세요",Culture
쿨한 시어머니 택배에 손가락 하트로 화답한 며느리,Culture
"전 세계 150만명 사망…""HIV·말라리아급 부담"" 전문가 경고",Culture
"“주는 게 더 복되다” 몸소 실천한 60대 목회자, 장기기증으로 4명 살려",Culture
벤틀리 ‘더 뉴 플라잉스퍼’ 韓 주문…영국서 수작업 생산 후 내년 인도,Culture
박지성도 먹었다… 근육 키워주는 ‘의외의 보양식’은?,Culture
편두통 있으면 뇌 더 빨리 늙는다,Culture
"오래 앉아도, 오래 서도 허리가 무너진다…‘S자 척추’ 지키려면?",Culture
멀쩡해 보여도 안심 못하는 ‘신장이식 거부반응’…혈액 속 DNA로 조기 포착,Culture
"현대차·기아, 美 시장서 5월 17만4860대 판매…친환경차 역대 최다",Culture
[뉴스타임날씨] 전국 곳곳 소나기…돌풍·벼락·우박 유의,Culture
"""줄어드는 의료 인력, '전신경화증' 치료의 가장 큰 걸림돌"" [명의열전]",Culture
“노화에 가장 효과있는 영양제”…현직 약사가 먹는 단 한 알,Culture
[신차 드라이브]파격적 변화와 부드러운 주행질감…현대차 AI 탑재한 '더 뉴 그랜저',Culture
"“가슴이 하나처럼 붙어 있다”…가슴 골 안 생기는 이유, 따로 있다고?",Culture
[뉴스광장3부 날씨] 전국 대부분 소나기…더위 누그러져,Culture
영화의 인기가 서점가로 확산…‘스크린셀러’ 돌풍,Culture
미국은 왜 북한 핵을 막지 못했나…35년 협상의 실패,Culture
"""가성비 먹거리였는데""…메가MGC커피·빽보이피자, 줄줄이 가격 인상",Culture
"셀트리온, 1000억원 규모 자사주 소각 완료…연내 2조 규모 주주환원",Culture
당뇨 관리에 참 좋은 해산물…일주일에 ‘이만큼’ 먹어야 한다고?,Culture
“이것만 기억하세요” 암 예방을 위한 열 가지 수칙 [아미랑],Culture
오늘 전국 최대 80㎜·서울 40㎜ 소나기…천둥·번개·우박 동반,Culture
"""사과문 보니 어이없다"" JK김동욱, 중앙선관위 공개 비판",Culture
"'서류 제출 실수' 육아장려금 깎은 지자체…권익위 ""전액 지급""",Culture
기생충이 몸속 '약물공장' 될까…체내 해독제 생산 십이지장충,Culture
‘살찐 사람은 성관계 어렵다’ 사실일까…전문가가 말하는 진실은? [라이프+],Culture
무대 위에 올려진 고시원·원룸…공연계가 기록한 ‘54만 고립 청년’의 자화상,Culture
오후 전국에 '소나기'...우박에 천둥·번개까지,Culture
주유비 200달러 시대…미국서 가성비 중고 전기차 인기,Culture
항암치료 전후 금식…‘이 암’ 치료에 효과적이라고?,Culture
"개봉 사흘만에 제작비 11배 벌었다…텅 빈 노란 방, 이렇게 무섭다니",Culture
고환율에 지갑 열린 외국인…서울 고급호텔서 더 오래 묵는다,Culture
초여름 더위 속 전국 대부분 소나기…출근길 우산 챙겨야,Culture
"유홍준, 김은호 소장 ‘김홍도 금강산 초본’에 신중론…“보물급은 아냐”",Culture
‘우산 챙기세요’…전국 곳곳 천둥·번개 동반 소나기 [오늘날씨],Culture
“러닝으론 부족” 내장지방 없애고 싶다면 ‘이 운동’ 해야,Culture
"부은 건가, 살찐 건가…‘매일 앉아있는 그대’ 틈새 관리 꿀팁",Culture
무등산 실종 남성 극적 구조…생수 2병으로 5일 버텨,Culture
'6선' 송영길의 화려한 귀환…'원조 친명' 김남준도 국회 입성,Culture
전국 대부분 소나기…돌풍·천둥번개 동반 유의(종합),Culture
"제주에 또 다른 복합리조트 나오나…파라다이스, 메종글래드 인수 실사",Culture
'타보면 다른데' 신차 효과 실종 르노코리아…후속작 중요성 커졌다,Culture
[오늘의 운세] 2026년 6월 4일 별자리 운세,Culture
"김대호 ""건강 무너지는 것 같아""…몸이 보내는 '번아웃' 신호 [헬스톡]",Culture
"“고단백, 포만감 커” 이소라가 아침에 먹는 것, 뭘까?",Culture
BTS '보랏빛 특수' 부산 외곽도 들썩…'없던 관광 수요' 터졌다,Culture
셀트리온도 노조 출범…커지는 바이오업계 '성과급 이슈',Culture
"""출근길 우산 챙기세요""…전국 대부분 소나기 속 더위 지속[오늘날씨]",Culture
“전립선암 치료시작”하더니 다음날 퇴원…거짓말이 아닙니다,Culture
“싸고 맛있어서 자주 먹었는데 이럴수가”…편의점·무인카페 위생 상태에 ‘화들짝’,Culture
신천지·JMS 파헤친 故탁명환…피습된 '사이비 헌터' 진실은[왓더OTT],Culture
"“뇌 염증 유발” 몸에 좋다는 사골국, ‘이런’ 사람에겐 독",Culture
IMF때 출연료 기부 내한 공연… 앨범에 ‘아리랑’ 피아니스트 조지 윈스턴,Culture
단순히 ‘잠’ 문제가 아니다…‘불면증’ 3040 여성 ‘암’ 발병 위험 쑥,Culture
“아침 먹었는데 왜 10시에 배고플까?”…범인은 첫 한입이었다,Culture
이부진 요리스승 “췌장암 완치”…90대 장수 노인들의 비밀,Culture
북극곰만 위험하냐고요? 한반도 면적 6배 빙하가 녹으면 생기는 일,Culture
"사제·승려 줄었는데, 목사만 늘었네",Culture
대장암 진행 막는다… 당장 식탁에 올려야 할 ‘두 가지’,Culture
[오늘의 설교] 잊혀진 사람들,Culture
[가정예배 365-6월 4일] 내가 반드시 너와 함께 있으리라,Culture
“우산 없이 나갔다간 낭패”…목요일 전국 흐리고 곳곳 소나기,Culture
"[빅데이터가 점지한 오늘의 운세] 2026년 6월 4일 목요일(음력 4월 19일, 기유일)",Culture
한·일 정상회담 안동 문화유산… 600년 전통마을 불꽃놀이·바위 병풍 ‘한국의 서원’,Culture
과묵했던 아버지 유영국… 추상 그린 이유도 ‘말 없어 좋다’,Culture
"""우산 챙기세요"" 전국 대부분 소나기·'낮 최고 29도'…여름철 단골 '이 질환', 예방하려면 [오늘 날씨]",Culture
"멘탈 관리도 결국 체력 문제…""잘 먹고, 잘 자고, 움직이세요"" 정신과 의사의 처방",Culture
美 현대차그룹 공장서 기아 스포티지 첫 생산,Culture
[오늘의 날씨] 전국 대부분 비…낮 30도 안팎 더위,Culture
"거짓말까지 하는 좀비, 400만명 소름끼쳤다",Culture
[오늘의 운세] 2026년 6월 4일 띠별 운세,Culture
"[미국 250년, 이상과 현실의 투쟁] 광기와 타락의 禁酒法... 세상을 오염시킨 악법은 교훈을 남겼다",Culture
[이응준의 과거에서 보내는 엽서] [69] 덩샤오핑의 두 얼굴,Culture
[알파고의 지식램프] [6] 한국인의 긴장과 방글라데시인의 이완 사이에서,Culture
[천현우의 세상 땜질] 지방 사는 90년생의 서러운 연애,Culture
[근교산&그너머] <1465> 해운대구 운봉산 둘레길,Culture
얼음 ‘이렇게’ 얼리면 세균 폭탄…여름철 얼음틀 위생 관리법,Culture
"“목 너무 아파” 호소하던 女, 백혈병 진단… 대체 무슨 일?",Culture
[뉴스9 날씨] 내일 전국 대부분 소나기…돌풍·벼락·우박 주의,Culture
헤딩 한 번만 해도 알츠하이머 관련 단백질 증가,Culture
"“콜레스테롤 낮춘다” 임미숙, ‘이것’으로 반찬 만들던데… 뭘까?",Culture
[내일날씨] 오후부터 전국 곳곳 소나기⋯돌풍·천둥번개,Culture
20살 감독의 반란 … 영화계 집어삼킨 '노란 방',Culture
“그 책을 뭐하러 읽어요?”…AI 태풍에 뒤바뀌는 ‘독서 지도’,Culture
"발표 5분 전, 손바닥이 먼저 젖었다…몸은 아직도 위험하다고 생각했다",Culture
"백태, 백내장과 다르다?…수술 후 안약 넣은 40대男, 눈동자 축소에 깜놀",Culture
"""한 잔은 괜찮겠지""… 소량 음주도 암 앞에서는 '독'",Culture
'쌍둥이 판다' 루이·후이바오 올겨울 中 귀환 전망…푸바오 간 지 2년만,Culture
"[내일날씨] ""우산 챙기세요""…전국 흐리고 오후부터 소나기",Culture
[문요한의 마음정원] 진심 건네는 조언…‘좋은 꼰대’ 자처해야,Culture
"""작은 차 싫다""는 한국서 주문 폭발…BMW '이 車' 대박 난 이유 [영상]",Culture
"황재형 작가의 운명을 바꾼, 숨진 광부의 작업복",Culture
전립선암 치료 비용·시간·고통 확 줄여... ‘10년 완치율 90%’ 만들었죠 [닥터스 라운지],Culture
“기피제 뿌렸네? 여기 사람이 있구나!”… 똑똑해진 모기의 역습,Culture
[날씨] 선거일 30도 여름 더위…내륙 곳곳 소나기,Culture
“통째로 드세요”… 유방암 위험 낮추는 과일 4가지,Culture
남편보다 오래 살지만… 왜 아픈 사람이 많을까? 중년 여성의 건강 장수는?,Culture
“나 좋다더니 갑자기 잠수”…잘되던 썸 망치는 진짜 이유 [라이프+],Culture
노화 주범으로 알려진 ‘이 세포’… 알고 보니 피부 상처 빨리 낫게 한다?,Culture
하버드 출신 의사가 경고한 ‘조용히 몸 망치는 습관’ 8가지,Culture
아름답고도 슬픈 사연 간직한 육지 속 섬,Culture
지끈지끈 편두통 있으면 뇌가 빨리 늙어...증상 완화에 도움 되는 방법과 식품은?,Culture
이 산의 절경을 봐라... 다들 카메라 들고 모여드는 이유가 있다,Culture
포슬포슬한 식감이 입맛 살려…초여름 햇감자 100% 즐기는 방법 [FOOD+],Culture
"기아, 美 HMGMA서 스포티지 하이브리드 생산 시작…전열 갖춘 공장",Culture
운동했는데 살이 안 빠졌다…체중계가 못 본 변화,Culture
[날씨] 지방선거일 30도 여름 더위…내륙 곳곳 소나기,Culture
"서울둘레길 156.5km, 비로소 서울을 한 바퀴 잇다",Culture
성원 스님 “로봇 스님들 넘어질까 연등 행렬 내내 가슴 졸여”,Culture
원화 약세에 외국인 몰린다…서울 특급호텔 ‘장박 특수’,Culture
"코스닥 바이오 톱3의 엇갈린 선택...알테오젠은 투자 확대, HLB·ABL은 효율화",Culture
"조기 위암 수술, 완전 복강경 vs 보조 복강경...어떤 게 더 나을까",Culture
에어컨만 켜면 재채기·콧물..'혈관운동성 비염' 의심,Culture
[시니어그룹] 100점짜리 후보는 없다... 100점 맞으려는 후보를 찾아야한다,Culture
"[2시 뉴스 날씨] 선거일, 낮 더위 이어져…오후 곳곳 소나기",Culture
“4명 중 1명은 비만” 체질량지수 정상이어도 안심 금물…뜨거운 BMI 기준 논쟁,Culture
"중년 부부가 방울토마토 먹었더니…아내 vs 남편, 좋은 점은?",Culture
"달콤하고 시원한데 심장에도 도움?…“엄마, ‘이 과일’ 사줘”",Culture
"""코로나19 변이에도 통했다""…엑세스바이오, 진단 유효성 확인",Culture
[날씨] 선거일 30도 안팎 더위…내륙 곳곳 소나기,Culture
164㎝·77㎏ 전설의 물고기 ‘돗돔’ 포획…성인 3명이 15분 사투,Culture
"고유가 시대…제주항공, 20년 단일 기종 전략 빛 발하다",Culture
"건강 위해 ‘이것’으로 바꿨는데 … “독성 상당한 수준”, 대체 뭐야?",Culture
"[뉴스12 날씨] 지방선거일, 더위 이어져…내륙 곳곳 소나기",Culture
"한 달에 322km, 새벽 러닝 뛰었더니 삶이 바뀌었습니다",Culture
"발목 삐면 얼음찜질부터 했는데… ""회복 속도만 느려진다"" 왜?",Culture
지자체 5급 이상 여성 공무원 첫 1만 명 시대 열렸다,Culture
"여름 보양식 콩국수, ‘이것’ 추가하면 영양 만점",Culture
"""5000원짜리가 35000원""…SNS서 난리난 다이소 '계산기' [트렌드+]",Culture
“얼굴 비추면 거울이 닳아?” 신개념 바가지 요금 [아하 중국],Culture
35세에 희귀 신장암 진단… 가볍게 넘긴 ‘초기 증상’ 뭐였을까,Culture
이재명 정부 '경제불확실성지수 하락' 속도 가장 빨라,Culture
기초연금 수급 어르신 5명 중 1명만 '현재 수준 적정',Culture
"정애리, 48년 연기 인생 가장 낯선 '더 마더'…""우리 모두의 이야기""[문화人터뷰]",Culture
"“잠결에 성관계 시도하고 기억 못해”… 29세男, 수면 장애라고?",Culture
“회개해야 나라가 산다” 부산에 울려 퍼진 기도의 함성,Culture
택배기사 등 도급제 근로자 최저임금 적용 논의 본격화,Culture
서울 아파트 전월세난에 연립·다세대 전월세 거래 증가,Culture
"“엔도르핀 돈다” 김준수 빠졌다는 ‘이 운동’, 뭘까?",Culture
인천공항 여객 7% 늘었지만…단거리 노선 쏠림 커졌다,Culture
"대만, 작년 韓 관광객 100만명 돌파…“다시 찾는 여행지로”",Culture
푸바오 쌍둥이 동생도 올겨울 중국 가나…“일정 협의 중”,Culture
"""여보, 나 사실 주식으로…"" 1억 수익 숨긴 남편의 '말 못할 고민'",Culture
“남자는 모른다”…여성이 차마 못 말한 성생활 10가지 [라이프+],Culture
치료법 없다던 암 환자 종양 30% 줄인 신약,Culture
‘20kg 감량’ 소유… ‘짜장면 먹는 방법’ 조금만 바꾸라던데?,Culture
"[출근길 날씨] 선거일, 30도 안팎 더위…오후 곳곳 소나기",Culture
"일주일에 90~120분 근력운동, 사망위험 낮춰…120분 초과 시 추가 이점 無",Culture
"""정원인데 꽃이 없네?"" 14년 걸려 꽃 대신 쇠기둥 심은 '이상한' 정원 [요즘 여행]",Culture
"""이러니 금방 상하지""...제철 햇감자, 싹 나고 초록색으로 변한 이유는?",Culture
“좀 적당히들 하입시다”…BTS 공연 앞두고 시험대 오른 부산관광 [트래블ON],Culture
계란값 석달새 9%↑…'에그플레이션'에 밥상·외식물가 '들썩',Culture
"스님·신부 적은데 목사는 많다…""큰 덩치보다 인식 개선 먼저""",Culture
"서울 33도인데 남해 태풍특보 ""바다가 뜨겁다""",Culture
'BTS 효과'에 부산 호텔 해외 팬 급증…외국인 예약 최고 '200배',Culture
“포만감 크다” 다이어트 위해 백지영이 ‘소고기’ 먹는 방법,Culture
"소량 음주, 암 위험 높이는데…치매는 달랐다고?[노화설계]",Culture
"카지노가 끌고 호텔이 밀었다…제주 드림타워, 650억 매출",Culture
"“암도 이겨냈는데”…몸 정화 의식으로 개구리 독 바른 40세男 사망, 어땠길래?",Culture
허리 아프면 무조건 누워라? 척추 건강 망치는 8가지 오해,Culture
눈 가려울 때 절대 비비면 안 되는 이유…'이 병'까지 생긴다 [헬스톡],Culture
“괜찮겠지” 했다가 과태료 폭탄…투표 인증샷 ‘이렇게’ 찍으면 큰일,Culture
"'판매 반토막' 제네시스, 하반기 '하이브리드·EREV'로 반전 노려",Culture
[날씨] 선거일 한낮 30도 안팎 더위…내륙 일부 소나기,Culture
한국·프랑스 140년의 우정… 이야기 ‘선물’ 보따리 푼다,Culture
"“샤워기 물로 입 헹궜는데”…물때 속 균, 폐로 들어갈 수도",Culture
"[헬스&라이프] ""쉬어도 방전돼""…몸이 보내는 경고, 만성피로증후군",Culture
"아침마다 먹는 달걀, ‘여기’ 보관하면 세균 범벅… 어디?",Culture
"""크면 괜찮아질 줄 알았는데""…아이 사시 방치하면 평생 후회 [김효경의 데일리 헬스]",Culture
에버랜드보다 비싸다…‘입장료 9만원’ 양평 산골 정원의 정체,Culture
“뻣뻣한 남자도 딩동댕 ‘요가계의 송해’ 꿈꾸죠”,Culture
보약처럼 힘 솟는 디저트 한 접시... 시니어 소외 껴안는 '봉주르 빵집',Culture
"“제니처럼 힙해 보이려고?”…선글라스, 디자인만 봤다간 낭패",Culture
"“혈압 낮춘다” 정재형, 샐러드에 ‘이 음식’ 넣던데… 뭐지?",Culture
[티는 알지] 녹색 가루의 매력…어디나 어울리는 ‘말차’ 알지?,Culture
“매일 이렇게 먹었는데…” 커피와 함께 섭취하면 안 될 식품들,Culture
“무슨 가격이 이렇게 자꾸 바뀌어?” 짜증내는 사람 많더니…‘이런’ 여행이 뜬다는데,Culture
"이단 피해, 자발적 동의인가 기망에 의한 강요인가",Culture
"경착륙이냐 연착륙이냐 美 교회 리더십 교체, 준비 기간이 갈랐다",Culture
“은혜 대갚음” 장학금 기부한 13년차 환경미화원,Culture
"‘20kg 감량’ 한혜연, “납작배 만들겠다”며 먹은 ‘이 음식’… 뭘까?",Culture
"“대변에 ‘이 증상’ 나타나더니, 암 2기였다”… 40대 女, 무슨 일?",Culture
"이지혜 남편, 마운자로 한 달 맞고 몰라보게 변신… 모습 보니?",Culture
단백질은 많이 먹어도 살 안 찐다? 흔한 다이어트 오해 4가지,Culture
"‘나잇살 없는 50대’ 오나라, 가녀린 팔뚝 비결?… “안 굶고 ‘이렇게’ 먹어”",Culture
“정읍선언은 통일정부 수립 주창한 ‘이승만 독트린’”,Culture
명품 도자기부터 디올 백까지… ‘한국·프랑스 140년 우정’,Culture
"허리 주사 맞고 사지마비 온 70대, 사망… 병원 책임 어디까지?",Culture
"“시험 스트레스인 줄 알았는데”…머리 아프다던 18세 뇌종양으로 사망, 무슨 일?",Culture
사람들은 왜 분노했나...스타벅스 논란이 남긴 질문,Culture
[날씨] 서울 31.8℃ 수도권 최고 더위...남쪽 먼 바다에 태풍특보,Culture
"유홍준, 최근 공개된 김홍도 금강산 초본에 신중론",Culture
"‘23만원 파우치 완판’ 구혜선, 이번엔 1만원대 출시",Culture
"자다가 소변 마려워 꼭 깨는 사람, ‘이렇게’ 하면 통잠 가능",Culture
"“2100원도 못 버텼다”…메가커피, ‘할메가커피’ 200원씩 인상키로",Culture
"건강에 안 좋다고?…“매일 과일주스 한 잔, 우울감 감소 확인”",Culture
선조의 임진왜란 트라우마에 풍수가 결합…동묘의 탄생은 ‘힙’하지 않다[장지연의 역사 상상력],Culture
한국인 엄마처럼 발랐더니…1500억 잭팟 난 '예쁘다' 정체,Culture
"“혈액순환 촉진” 김현주, 카페에서 ‘이것’ 먹던데?",Culture
[날씨] 내일(선거일)도 초여름 더위‥내륙·산지 오후 소나기,Culture
“체지방 녹인다” 입소문 난 30-30-30 다이어트… 방법은?,Culture
[날씨] 선거일 때 이른 더위…오후 한때 곳곳 소나기,Culture
“눈 가려울 때 ‘이것’ 했더니…‘각막 이식’ 수술까지” 美전문의 경고한 치명적 습관,Culture
[날씨] 내일 지방선거일 충북 더위 기승…돌풍·벼락 동반 소나기,Culture
"中 59세 여성, 생선 먹다 '낚싯바늘+낚싯줄' 삼켜… 항문 안쪽에 걸려 제거",Culture
닭가슴살 아냐… 근육 만들 때 가장 좋은 음식 1위는 ‘이것’,Culture
'츄파춥스님' 삼보스님 원적…전 재산 30억 기부한 청빈 수행자,Culture
“밥 그냥 삼키니? 제발 천천히 먹어”…음식 꼭꼭 씹어 먹어야 하는 이유 있었다 [헬시타임],Culture
"“어쩐지 클릭할 수 밖에 없는 몸매더라”… 패션 광고 점령한 이 모델, 진실성 논란",Culture
"[뉴스7 날씨] 내일, 더위 계속…내륙 곳곳 소나기",Culture
"한국에서 이렇게 잘 나갈 줄은…중국 車, “싸도 너무 싸” 통했나",Culture
[날씨] 내일 한여름 더위 기승...서울 낮 32도,Culture
중국산 폐암 신약 쇼크…세계 표준 치료의 벽 흔들어 [건강한겨레],Culture
아침 기상 후 가장 먼저 하는 일…커피는 언제 마실까?,Culture
"“다이어트 시작” 선언 김지혜, 공복에 먹는 음식 봤더니?",Culture
몇명 뽑고 어디서 투표하나…지방선거 전 꼭 알아야 할 4가지,Culture
강한 일사·남동풍에 35도 '육박'…서울 한낮 기온 33.5도까지 '쑥',Culture
[날씨] 선거일 낮 더위 계속…내륙 곳곳 소나기,Culture
"소유 ""10년 전 '삼전닉스'에 1억 투자""…최근 수익 얼마?",Culture
"""한국에선 흔한데"" 마지막에 한 방울 넣었더니…해외서 난리난 '한국의 맛'",Culture
“맹장수술이 치매와 관계있다고?”…AI가 찾아낸 뜻밖의 단서,Culture
더워진 바다에 더 빨리 자주오는 '태풍'…올여름 '극한호우'까지,Culture
"""뜨거워진 제주 바다"" 올봄 해수면 온도 역대 2위... 기온도 '4위' 기록",Culture
"45세 손태영, 미국서 '이 운동' 집중… 여전히 탄탄한 몸매 비결?",Culture
"“단군 이래 최고 화가 김홍도, 당대에도 찬사 받았죠”",Culture
"“약속은 약속”...선운사의 결단, 전시는 대박",Culture
지방선거일 32도 올들어 최고 더위…내륙 오후 소나기,Culture
밀가루 음식 삼가야 할 34세女...가리지 않고 멋대로 먹다가 혈액암?,Culture
"피부암, 레이저로 뺐다가 조기 진단 놓칠라",Culture
알고리즘보다 특허…성숙해진 자율주행 시장의 새 경쟁법칙,Culture
"일본 여행길, 태풍 '장미'에 막혔다…항공편 결항 속출",Culture
175년 전 만남부터 명품 도자기·보석 꽃까지…한-프 140년 여정(종합),Culture
"2주마다 비행기 타던 여행 예능 작가, 제주에서 마주한 최악의 밤",Culture
"“노인, 코딱지도 파지 마라” 뇌 망가뜨리는 뜻밖의 습관",Culture
"“이게 23만원?”…‘고가 논란’ 구혜선, 이번엔 1만원대 파우치 출시",Culture
"""파인애플로 살 뺀다고?"" 백지영이 직접 만든다는 '이 식초', 무슨 효과?",Culture
사람들은 왜 분노했나...스타벅스 논란이 남긴 질문,Culture
"열 받은 바다가 부른 '봄 더위'… 5월 중순, 역대 가장 더웠다",Culture
“건강에 그렇게 좋대” 믿고 먹었는데…심장 멈출 뻔한 ‘이 과일’의 배신 [헬시타임],Culture
동물을 위한 나라는 어디에,Culture
더위 먹어서 핑 돈다? 방치하면 사망까지... 어지럼증 위험 신호 2가지 [이러면 낫는다],Culture
현대차 인도 생산차질 현실화…글로벌 판매 5분의 1 생산 '해외 최대',Culture
“엄마 품에 안겼다가 발견”… 28세 女 살린 유방암 신호,Culture
"99세 현역 인간문화재 박선애 선생 ""생명 다할 때까지 제자들과 함께하고 싶어""",Culture
“사공 박명득…” 울릉도 암벽서 조선 수토군 새 각석문 나왔다,Culture
고종이 프랑스 대통령에 선물한 ‘보석 꽃’···140년 만에 다시 피다,Culture
“외식 꿈도 못 꾸던 때 먹은 인생 라면”...‘불닭 며느리’ 고백에 조회수 터졌다,Culture
“눈 좋아진 줄”…앤 해서웨이도 앓은 조기 백내장 신호,Culture
"“건강식인 줄 알았는데, 간 망친다”… 영양학과 교수 의외의 경고, 뭐지?",Culture
400년 전 사라진 거대 야생 소...살아남은 존재 있다,Culture
“무작정 달리면 소용 없어”… 뇌를 깨우고 행복 느끼는 방법 6가지,Culture
“아침에 눈뜨니 침대가 360도 빙글” 한가인 괴롭힌 ‘이 질환’,Culture
올봄 역대 두 번째로 더웠다…1위는 2023년 봄,Culture
"혈압 높은 사람, 운동하면 위험할까?",Culture
역대급 뜨거운 바다…올여름 엘니뇨 발생 확률 80%,Culture
역대 2번째 더웠던 봄…5월엔 이른 폭염도 기승,Culture
금은보화 꽃나무 나란히 피었네…한·프랑스 140년 돌아보는 ‘반화’,Culture
"""30대에 실명"" 앤 해서웨이 깜짝 고백...'젊은 백내장' 원인 뭐길래",Culture
주차장 한구석에서 무릎으로 빚은 ‘하나님의 이름’ 100가지,Culture
"“20대 미모”… 남규리, 매일 ‘이것’ 먹는 게 비결?",Culture
"BYD, '자율주행 사고 전액 보상' 선언…경쟁 축 '기술'서 '신뢰'로 이동",Culture
"잠 못 드는 새벽 2시, 휴지통에 넣은 '숫자들'",Culture
"죽은 뒤에야 사라질 고통, 그래도 살아가야 한다…연극 '반야 아재'의 여운",Culture
이승환 “구미 세금으로 배상금 지연 이자 12%…내가 다 아깝다”,Culture
"""인생 첫 번째 예능""…'AI 깐부' 젠슨 황, '유 퀴즈' 뜬다",Culture
[날씨] 중부 폭염급 더위…남부·제주 비 오후면 그쳐,Culture
"“운동만 하면 체중의 2~3% 빠지지만…심장·혈관엔 좋다, 왜?”",Culture
단백질 70%라는데⋯사람들이 선뜻 못 먹는 이유,Culture
"올해 첫 태풍 영향…제주·남해안 호우, 중부 더위",Culture
"고종의 반화, 이재명의 반화 오마주…140년 이어진 韓佛 우정 전시 (종합)",Culture
"남이섬에서 백담사로, 시 한 편이 눈에 띄었습니다",Culture
탈모 환자 12개월 추적하고 알아낸 사실,Culture
"호텔에서 쓰고 남은 비누, 어디로 갈까",Culture
"춤 대신 말 한마디가 통했다···“헬로우”말하자 수백만 조회수, ‘와우오케이’가 뭐길래?",Culture
[르포] '폐수 없는 제련소' 영풍 친환경 제련의 미래 여나,Culture
"대웅제약, 차임 바이오와 면역질환 치료제 개발·생산·사업화 계약",Culture
"‘AI 황제’ 젠슨 황, 국민MC 유재석 만난다",Culture
"45㎏ 만든 아침 루틴…하지원, 10년째 레몬물에 넣는 가루 정체 [라이프+]",Culture
"""도심 재개발 교회 부지 대토 받았더니 경사면이라면?""",Culture
"커피 각성 효과 오래 누리려면 자몽 주스와 마시라던데, 정말?",Culture
"이규택 전 의원, 40년 정치 현장 담은 회고록 출간...""정치는 권력이 아니라 책임""",Culture
“일본 스모 선수 같다”는 홍현희 과거 모습… 체중이 외모에 미치는 영향,Culture
"""간문맥성 폐고혈압도 간이식 가능""…고위험 환자 생존 길 열렸다",Culture
"""벤츠 중에서도 최고급""…이건희 회장도 탔던 '이 車' [모빌리티톡]",Culture
[2시뉴스 날씨] 태풍 ‘장미’에 제주·남해안 비바람…중부는 33도 더위,Culture
"[단독] ""없으면 안되는 약인데""…퇴장방지약, 5년 새 71건 '퇴장'",Culture
"“미안해요, 이 방법 밖에 없어요”… 그 환자가 ‘존엄사’ 선택한 결정적 이유는?",Culture
“받은 사랑이 많아서”…13년간 쌓은 쌈짓돈으로 장학금,Culture
독감백신 10명중 8명 맞는데…왜 입원환자는 늘 고령층일까,Culture
서울 관광객 3000만 시대 공약 대결…오세훈 '3377' vs 정원오 '착착관광',Culture
"중국차, 미국 진출 왜 어렵나…로터스가 보여준 현실",Culture
"항공료 부담 커진 6월…제주, 2박 이상 체류객에 최대 5만원 지원",Culture
냄새 안 나더라도… 음식 상했다는 신호,Culture
"교회 안 부동산 대화, 전·월세 교인은 말문 막혔다",Culture
마크롱 국빈 선물 ‘반화 오마주’ 원형…140년 전 고종의 선물 공개,Culture
"""울릉도·독도는 우리땅"" 300년도 전에 조선이 울릉도 암벽에 새긴 의지",Culture
"[날씨] 올 최고 더위, 서울 33도…남부 오후까지 비",Culture
“연극은 비싸서 안 본다?”…매출 194% ‘떡상’ 시킨 블록버스터의 저력,Culture
"12세에 생긴 작은 결절, 10년 지나 거대해져 안면 변형까지… 정체 뭐길래?",Culture
"""당뇨 걱정된다면 아침부터 챙겨야""⋯혈당 안정시키는 '이 음식' 정체는?",Culture
"""위고비·수술 다 안 했다""⋯즐기면서 100㎏ 뺀 女, 가장 먼저 버린 '이것' [헬스+]",Culture
[자막뉴스] 긴급재난문자까지 발송...올해 첫 태풍특보에 물난리,Culture
꿀 vs 메이플시럽…칼슘 19배·마그네슘 9배 더 높은 것은?,Culture
소시지 VS 베이컨…굳이 따지자면 어느 쪽이 건강?,Culture
[뉴스12 날씨] 오후까지 남해안·제주 비…서울 33도 더워요,Culture
"넷플릭스 ‘다시, 서울에서’의 그녀, 한국관광 홍보대사 됐다",Culture
땀 흘리면 독소 빠진다고?… 인간이 땀을 흘리게 된 이유는 달랐다,Culture
‘유산균 요거트’ 식전·식간·식후…언제 먹어야 장 건강에 베스트?,Culture
“커피는 오전에만?”… 스타벅스에 오후 손님 몰리는 이유,Culture
나주목사·프랑스 영사 ‘막걸리·샴페인’ 만찬… 그때 그 ‘옹기주병’ 175년만에 귀국,Culture
"에세이 펴낸 요가소년 “몸과 마음이 보내는 신호, 빨리 알아채는 게 중요”",Culture
"""몸속 지방산이 암세포 성장 억제"" KAIST",Culture
"모기 잡겠다며 3200만 마리 푼다…구글의 실험, 정말 괜찮을까",Culture
"큐리언트 항암제 '모카시클립', 유방암 환자 대상 임상 본격화",Culture
4박에 단돈 5만원…누구나 즐기는 비현실적 ‘섬 워케이션’,Culture
"3%대 치솟은 물가…식품업계, '싸고 푸짐하게' 가성비로 돌파구",Culture
코로나 때 ‘암 진단’ 누락…고소득 7개국 5만5000건,Culture
“나트륨 폭탄” 고준희 흡입한 음식의 정체는?,Culture
"현대차 인도법인 ""일시적 생산차질 전망…대체 공급망 모색중""",Culture
‘갑상선 수술’ 환자의 큰 고민거리…“내 목소리 언제쯤 돌아올까?”,Culture
"'다빈치' 장인이 되살린 나무와 꽃…""선배들의 손길 떠올렸죠""",Culture
"젠슨 황, 유재석 ‘유퀴즈’ 나온다…최태원·구광모와 ‘삼겹살 회동’ 어디서?",Culture
"김연경 ‘이것’ 맛있게 먹더니…갑자기 ‘피로감’ 호소, 왜?",Culture
"온코닉 '자큐보', 인도서 미란성 위식도역류질환 3상 성공",Culture
"때 이른 6월 폭염, 수분 96% 채소와 MZ세대 픽 ‘가벼운 보양식’ 뜬다",Culture
디지털 입고 야성 더했다… 한국상륙 30년 포드 익스플로러의 ‘본질적 진화’,Culture
성실했던 청년은 어떻게 빚의 벼랑 끝에 서게 됐나,Culture
사람들은 왜 분노했나...스타벅스 논란이 남긴 질문,Culture
에어프라이어에 ‘이 음식’ 넣으면 발암물질 생겨…피해야 할 식재료 3가지,Culture
"‘30kg 감량’ 비결… 이찬혁이 이수현에게 꼭 하라고 시킨 것, 뭘까?",Culture
